config	set	category	cited style	cited	court	year	picked (name | citations | dataset | date)	known record
exact/aware/none	canlii-title	known record's A2AJ name is a different style (other party, other title)	Lamarque v. Rouse	2023 BCCA 452	BCCA	2023	Lamarque v. Rouse | 2023 BCCA 392 | BCCA | 2023-10-26	Lemarque v. Rouse | 2023 BCCA 452 | BCCA | 2023-12-05
exact/aware/none	canlii-title	known record's A2AJ name is a variant (typo, punctuation, abbreviation, given name)	Trans Mountain Pipeline ULC v. Mivasair	2023 BCCA 299	BCCA	2023	Trans Mountain Pipeline ULC v. Mivasair | 2023 BCCA 115 | BCCA | 2023-03-15	Trans Mountain Pipeline v. Mivasair | 2023 BCCA 299 | BCCA | 2023-07-25
exact/aware/none	canlii-title	known record's A2AJ name is a variant (typo, punctuation, abbreviation, given name)	Equustek Solutions Inc. v. Jack	2022 BCCA 194	BCCA	2022	Equustek Solutions Inc. v. Jack | 2022 BCCA 453 | BCCA | 2022-12-16	Equustek Solutions v. Jack | 2022 BCCA 194 | BCCA | 2022-05-20
exact/aware/none	canlii-title	known record's A2AJ name is a variant (typo, punctuation, abbreviation, given name)	Fontaine v. Canada (Attorney General)	2019 BCCA 178	BCCA	2019	Fontaine v. Canada (Attorney General) | 2019 BCCA 246 | BCCA | 2019-07-05	Fontaine v. Canada | 2019 BCCA 178 | BCCA | 2019-05-22
exact/aware/none	canlii-title	known record's A2AJ name is a variant (typo, punctuation, abbreviation, given name)	Denton v. British Columbia (Workers’ Compensation Appeal Tribunal)	2017 BCCA 138	BCCA	2017	Denton v. British Columbia (Workers’ Compensation Appeal Tribunal) | 2017 BCCA 403 | BCCA | 2017-11-23	Denton v. British Columbia (Workers' Compensation Appeal Tribunal | 2017 BCCA 138 | BCCA | 2017-03-30
exact/aware/none	canlii-title	known record's A2AJ name is a variant (typo, punctuation, abbreviation, given name)	Cowichan Valley (Regional District) v. Cobble Hill Holdings Ltd.	2016 BCCA 432	BCCA	2016	Cowichan Valley (Regional District) v. Cobble Hill Holdings Ltd. | 2016 BCCA 215 | BCCA | 2016-05-13	Cowichan Valley (Reginal District) v. Cobble Hill Holdings Ltd. | 2016 BCCA 432 | BCCA | 2016-11-03
exact/aware/none	canlii-title	known record's A2AJ name is a variant (typo, punctuation, abbreviation, given name)	L.M. v. British Columbia (Director of Child, Family and Community Services)	2016 BCCA 109	BCCA	2016	L.M. v. British Columbia (Director of Child, Family and Community Services) | 2016 BCCA 367 | BCCA | 2016-09-13	L.M. v. British Columbia (Director of Child, Family and Community Services | 2016 BCCA 109 | BCCA | 2016-03-04
exact/aware/none	canlii-title	known record's A2AJ name is a variant (typo, punctuation, abbreviation, given name)	Foote v. Attorney General (Canada)	2013 BCCA 466	BCCA	2013	Foote v. Attorney General (Canada) | 2013 BCCA 135 | BCCA | 2013-03-18	Foote v. Canada (Attorney General) | 2013 BCCA 466 | BCCA | 2013-10-29
exact/aware/none	canlii-title	known record's A2AJ name is a variant (typo, punctuation, abbreviation, given name)	Provincial Court Judges’ Association of British Columbia v. British Columbia (Attorney General)	2012 BCCA 136	BCCA	2012	Provincial Court Judges’ Association of British Columbia v. British Columbia (Attorney General) | 2012 BCCA 157 | BCCA | 2012-04-05	Provincial Court Judges’ Association of British Columbia | 2012 BCCA 136 | BCCA | 2012-03-15
exact/aware/none	canlii-title	known record's A2AJ name is a variant (typo, punctuation, abbreviation, given name)	Victoria (City) v. Adams	2009 BCCA 172	BCCA	2009	Victoria (City) v. Adams | 2009 BCCA 563 | BCCA | 2009-12-09	The Corporation of the City of Victoria v. Adams | 2009 BCCA 172 | BCCA | 2009-04-03
exact/aware/none	canlii-title	known record's A2AJ name is a different style (other party, other title)	R. v. T.S.G.	2005 BCCA 228	BCCA	2005	R. v. T.S.G. | 2005 BCCA 492 | BCCA | 2005-10-18	R. v. Gilbert | 2005 BCCA 228 | BCCA | 2005-04-11
exact/aware/none	canlii-title	known record's A2AJ name is a different style (other party, other title)	Italy v. Seifert	2003 BCCA 606	BCCA	2003	Italy v. Seifert | 2003 BCCA 690 | BCCA | 2003-12-15	Seifert v. A.G. of Canada on behalf of the  Republic of Italy | 2003 BCCA 606 | BCCA | 2003-11-12
exact/aware/none	canlii-title	known record's A2AJ name is a variant (typo, punctuation, abbreviation, given name)	Glenayre Manufacturing Ltd. v. Pilot Pacific Properties Inc.	2003 BCCA 363	BCCA	2003	Glenayre Manufacturing Ltd. v. Pilot Pacific Properties Inc. | 2003 BCCA 462 | BCCA | 2003-08-14	Glenayre Manufacturing Ltd. v.Pilot Pacific Properties Inc. | 2003 BCCA 363 | BCCA | 2003-06-19
exact/aware/none	canlii-title	known record's A2AJ name is a different style (other party, other title)	Daniel v. ICBC	2002 BCCA 684	BCCA	2002	Daniel v. ICBC | 2002 BCCA 715 | BCCA | 2002-06-11	Daniel v. Insurance Corporation of Bristish Columbia | 2002 BCCA 684 | BCCA | 2002-12-17
exact/aware/none	canlii-title	known record's A2AJ name is a different style (other party, other title)	Ingham et al v. Creston (Town)	1999 BCCA 178	BCCA	1999	Ingham et al. v. Creston (Town) | 1999 BCCA 316 | BCCA | 1999-05-12	Kowalski (Estate) v. Creston (Town of ) | 1999 BCCA 178 | BCCA | 1999-03-22
exact/aware/none	canlii-title	known record's A2AJ name is a different style (other party, other title)	Swib  v. Whitham	1999 BCCA 131	BCCA	1999	Swib v. Whitham | 1999 BCCA 583 | BCCA | 1999-10-13	Swib v. Whitman et al | 1999 BCCA 131 | BCCA | 1999-03-02
exact/aware/none	canlii-title	known record's A2AJ name is a different style (other party, other title)	Kranenburg v. Kranenburg	1999 BCCA 150	BCCA	1999	Kranenburg v. Kranenburg | 1999 BCCA 149 | BCCA | 1999-02-26	R. v. Horton | 1999 BCCA 150 | BCCA | 1999-03-10
exact/aware/none	canlii-title	known record's A2AJ name is a different style (other party, other title)	R. v.  Hannon	1999 BCCA 56	BCCA	1999	R. v. Hannon | 1999 BCCA 514 | BCCA | 1999-09-09	R. v. Hammon | 1999 BCCA 56 | BCCA | 1999-01-26
exact/aware/none	canlii-title	known record's A2AJ name is a different style (other party, other title)	Navikevicius v. Public Service Alliance of Canada	2016 PSLREB 81	FPSLREB	2016	Navikevicius v. Public Service Alliance of Canada | 2016 PSLREB 12 / 2016 CRTEFP 12 | FPSLREB | 2016-02-08	Marshall v. Union of Canadian Correctional Officers - Syndicat des agents correctionnels du Canada - CSN | 2016 PSLREB 81 / 2016 CRTEFP 81 | FPSLREB | 2016-08-26
exact/aware/none	canlii-title	A2AJ decision date in another year than the citation	LB v Canada Employment Insurance Commission	2024 SST 1684	SST	2024	LB v Canada Employment Insurance Commission | 2024 SST 1660 / 2024 TSS 1660 | SST | 2024-12-18	LB v Canada Employment Insurance Commission | 2024 SST 1684 / 2024 TSS 1684 | SST | 2025-07-19
exact/aware/none	canlii-title	known record named in French only	GD v Canada Employment Insurance Commission	2025 SST 162	SST	2025	GD v Canada Employment Insurance Commission | 2025 SST 886 / 2025 TSS 886 | SST | 2025-08-13	GD c Commission de l’assurance-emploi du Canada | 2025 TSS 162 | SST | 2025-02-25
exact/aware/none	canlii-title	A2AJ decision date in another year than the citation	HK v Canada Employment Insurance Commission	2024 SST 1648	SST	2024	HK v Canada Employment Insurance Commission | 2024 SST 1722 / 2024 TSS 1722 | SST | 2024-12-18	HK v Canada Employment Insurance Commission | 2024 SST 1648 / 2024 TSS 1648 | SST | 2025-12-16
exact/aware/none	canlii-title	A2AJ decision date in another year than the citation	YP v Canada Employment Insurance Commission	2023 SST 1822	SST	2023	YP v Canada Employment Insurance Commission | 2023 SST 1821 / 2023 TSS 1821 | SST | 2023-12-21	YP v Canada Employment Insurance Commission | 2023 SST 1822 / 2023 TSS 1822 | SST | 2024-01-15
exact/aware/none	canlii-title	A2AJ decision date in another year than the citation	PK v Canada Employment Insurance Commission	2022 SST 2019	SST	2022	PK v Canada Employment Insurance Commission | 2022 SST 131 / 2022 TSS 131 | SST | 2022-02-18	PK v Canada Employment Insurance Commission | 2022 SST 2019 / 2022 TSS 2019 | SST | 2023-09-26
exact/aware/none	canlii-title	A2AJ decision date in another year than the citation	HA v Canada Employment Insurance Commission	2023 SST 250	SST	2023	HA v Canada Employment Insurance Commission | 2023 SST 387 / 2023 TSS 387 | SST | 2023-01-04	HA v Canada Employment Insurance Commission | 2023 SST 250 / 2023 TSS 250 | SST | 2022-03-04
exact/aware/none	canlii-title	A2AJ decision date in another year than the citation	PN v Minister of Employment and Social Development	2022 SST 235	SST	2022	PN v Minister of Employment and Social Development | 2022 SST 234 / 2022 TSS 234 | SST | 2022-04-08	PN v Minister of Employment and Social Development | 2022 SST 235 / 2022 TSS 235 | SST | 2021-11-11
exact/aware/none	canlii-title	known record's A2AJ name is a variant (typo, punctuation, abbreviation, given name)	HT v Minister of Employment and Social Development	2020 SST 1249	SST	2020	HT v Minister of Employment and Social Development | 2020 SST 1250 / 2020 TSS 1250 | SST | 2020-05-28	RS v Minister of Employment and Social Development | 2020 SST 1249 / 2020 TSS 1249 | SST | 2020-12-04
exact/aware/none	canlii-title	known record's A2AJ name is a variant (typo, punctuation, abbreviation, given name)	JP v Canada Employment Insurance Commission	2019 SST 803	SST	2019	JP v Canada Employment Insurance Commission | 2019 SST 1755 / 2019 TSS 1755 | SST | 2019-07-18	J. P. v. Canada Employment Insurance Commission | 2019 SST 803 / 2019 TSS 803 | SST | 2019-08-17
exact/aware/none	canlii-title	known record's A2AJ name is a variant (typo, punctuation, abbreviation, given name)	CW v Minister of Employment and Social Development	2019 SST 768	SST	2019	CW v Minister of Employment and Social Development | 2019 SST 765 / 2019 TSS 765 | SST | 2019-08-15	C. W. v. Minister of Employment and Social Development | 2019 SST 768 / 2019 TSS 768 | SST | 2019-08-16
exact/aware/none	canlii-title	known record's A2AJ name is a variant (typo, punctuation, abbreviation, given name)	CB v Minister of Employment and Social Development	2019 SST 751	SST	2019	CB v Minister of Employment and Social Development | 2019 SST 342 / 2019 TSS 342 | SST | 2019-04-11	C. B. v. Minister of Employment and Social Development | 2019 SST 751 / 2019 TSS 751 | SST | 2019-08-15
exact/aware/none	canlii-title	known record's A2AJ name is a variant (typo, punctuation, abbreviation, given name)	CB v Minister of Employment and Social Development	2019 SST 1023	SST	2019	CB v Minister of Employment and Social Development | 2019 SST 342 / 2019 TSS 342 | SST | 2019-04-11	C. B. v. Minister of Employment and Social Development | 2019 SST 1023 / 2019 TSS 1023 | SST | 2019-08-08
exact/aware/none	canlii-title	known record's A2AJ name is a variant (typo, punctuation, abbreviation, given name)	AA v Minister of Employment and Social Development	2019 SST 699	SST	2019	AA v Minister of Employment and Social Development | 2019 SST 797 / 2019 TSS 797 | SST | 2019-03-29	A. A. v. Minister of Employment and Social Development | 2019 SST 699 / 2019 TSS 699 | SST | 2019-08-02
exact/aware/none	canlii-title	known record's A2AJ name is a variant (typo, punctuation, abbreviation, given name)	VP v Canada Employment Insurance Commission	2019 SST 812	SST	2019	VP v Canada Employment Insurance Commission | 2019 SST 17 / 2019 TSS 17 | SST | 2019-01-10	V. P. v. Canada Employment Insurance Commission | 2019 SST 812 / 2019 TSS 812 | SST | 2019-07-30
exact/aware/none	canlii-title	known record's A2AJ name is a variant (typo, punctuation, abbreviation, given name)	SK v Minister of Employment and Social Development	2019 SST 713	SST	2019	SK v Minister of Employment and Social Development | 2019 SST 5 / 2019 TSS 5 | SST | 2019-01-07	S. K. v. Minister of Employment and Social Development | 2019 SST 713 / 2019 TSS 713 | SST | 2019-07-29
exact/aware/none	canlii-title	known record's A2AJ name is a variant (typo, punctuation, abbreviation, given name)	ML v Canada Employment Insurance Commission	2019 SST 674	SST	2019	ML v Canada Employment Insurance Commission | 2019 SST 1763 / 2019 TSS 1763 | SST | 2019-11-28	M. L. v. Canada Employment Insurance Commission | 2019 SST 674 / 2019 TSS 674 | SST | 2019-07-26
exact/aware/none	canlii-title	known record's A2AJ name is a variant (typo, punctuation, abbreviation, given name)	BC v Canada Employment Insurance Commission	2019 SST 952	SST	2019	BC v Canada Employment Insurance Commission | 2019 SST 7 / 2019 TSS 7 | SST | 2019-01-08	B. C. v. Canada Employment Insurance Commission | 2019 SST 952 / 2019 TSS 952 | SST | 2019-07-25
exact/aware/none	canlii-title	known record's A2AJ name is a variant (typo, punctuation, abbreviation, given name)	KS v Minister of Employment and Social Development	2019 SST 714	SST	2019	KS v Minister of Employment and Social Development | 2019 SST 18 / 2019 TSS 18 | SST | 2019-01-10	K. S. v. Minister of Employment and Social Development | 2019 SST 714 / 2019 TSS 714 | SST | 2019-07-24
exact/aware/none	canlii-title	known record's A2AJ name is a variant (typo, punctuation, abbreviation, given name)	RM v Canada Employment Insurance Commission	2019 SST 1490	SST	2019	RM v Canada Employment Insurance Commission | 2019 SST 347 / 2019 TSS 347 | SST | 2019-04-08	R. M. v. Canada Employment Insurance Commission | 2019 SST 1490 / 2019 TSS 1490 | SST | 2019-07-23
exact/aware/none	canlii-title	known record's A2AJ name is a variant (typo, punctuation, abbreviation, given name)	JM v Canada Employment Insurance Commission	2019 SST 736	SST	2019	JM v Canada Employment Insurance Commission | 2019 SST 19 / 2019 TSS 19 | SST | 2019-01-11	J. M. v. Canada Employment Insurance Commission | 2019 SST 736 / 2019 TSS 736 | SST | 2019-07-22
exact/aware/none	canlii-title	known record's A2AJ name is a variant (typo, punctuation, abbreviation, given name)	JK v Minister of Employment and Social Development	2019 SST 720	SST	2019	JK v Minister of Employment and Social Development | 2019 SST 1760 / 2019 TSS 1760 | SST | 2019-12-13	J. K. v. Minister of Employment and Social Development | 2019 SST 720 / 2019 TSS 720 | SST | 2019-07-11
exact/aware/none	canlii-title	known record's A2AJ name is a variant (typo, punctuation, abbreviation, given name)	MC v Canada Employment Insurance Commission	2019 SST 660	SST	2019	MC v Canada Employment Insurance Commission | 2019 SST 1768 / 2019 TSS 1768 | SST | 2019-10-28	M. C. v. Canada Employment Insurance Commission | 2019 SST 660 / 2019 TSS 660 | SST | 2019-07-10
exact/aware/none	canlii-title	known record's A2AJ name is a variant (typo, punctuation, abbreviation, given name)	GL v Canada Employment Insurance Commission	2019 SST 625	SST	2019	GL v Canada Employment Insurance Commission | 2019 SST 4 / 2019 TSS 4 | SST | 2019-01-04	G. L. v. Canada Employment Insurance Commission | 2019 SST 625 / 2019 TSS 625 | SST | 2019-07-04
exact/aware/none	canlii-title	known record's A2AJ name is a variant (typo, punctuation, abbreviation, given name)	MV v Canada Employment Insurance Commission	2019 SST 1752	SST	2019	MV v Canada Employment Insurance Commission | 2019 SST 2 / 2019 TSS 2 | SST | 2019-01-02	M. V. v. Canada Employment Insurance Commission | 2019 SST 1752 / 2019 TSS 1752 | SST | 2019-06-12
exact/aware/none	canlii-title	known record's A2AJ name is a variant (typo, punctuation, abbreviation, given name)	JJ v Canada Employment Insurance Commission	2019 SST 1748	SST	2019	JJ v Canada Employment Insurance Commission | 2019 SST 13 / 2019 TSS 13 | SST | 2019-01-10	J. J. v. Canada Employment Insurance Commission | 2019 SST 1748 / 2019 TSS 1748 | SST | 2019-05-28
exact/aware/none	canlii-title	known record's A2AJ name is a variant (typo, punctuation, abbreviation, given name)	F. M. v Canada Employment Insurance Commission and X	2019 SST 348	SST	2019	F. M. v. Canada Employment Insurance Commission and X | 2019 SST 264 / 2019 TSS 264 | SST | 2019-02-28	FM v Canada Employment Insurance Commission and X | 2019 SST 348 / 2019 TSS 348 | SST | 2019-04-08
exact/aware/none	canlii-title	known record's A2AJ name is a variant (typo, punctuation, abbreviation, given name)	B. W. v Canada Employment Insurance Commission	2019 SST 384	SST	2019	B. W. v. Canada Employment Insurance Commission | 2019 SST 1485 / 2019 TSS 1485 | SST | 2019-07-16	BW v Canada Employment Insurance Commission | 2019 SST 384 / 2019 TSS 384 | SST | 2019-03-29
exact/aware/none	canlii-title	known record's A2AJ name is a variant (typo, punctuation, abbreviation, given name)	MP v Canada Employment Insurance Commission	2019 SST 1734	SST	2019	MP v Canada Employment Insurance Commission | 2019 SST 1673 / 2019 TSS 1673 | SST | 2019-07-18	M. P. v. Canada Employment Insurance Commission | 2019 SST 1734 / 2019 TSS 1734 | SST | 2019-03-15
exact/aware/none	canlii-title	known record's A2AJ name is a variant (typo, punctuation, abbreviation, given name)	JR v Minister of Employment and Social Development	2019 SST 1703	SST	2019	JR v Minister of Employment and Social Development | 2019 SST 1357 / 2019 TSS 1357 | SST | 2019-11-21	J. R. v. Minister of Employment and Social Development | 2019 SST 1703 / 2019 TSS 1703 | SST | 2019-01-25
exact/aware/none	canlii-title	known record's A2AJ name is a variant (typo, punctuation, abbreviation, given name)	P. D. v Minister of Employment and Social Development	2018 SST 1233	SST	2018	P. D. v. Minister of Employment and Social Development | 2018 SST 1396 / 2018 TSS 1396 | SST | 2018-10-17	P. D. v. Minister of Employment and Social Development, | 2018 SST 1233 / 2018 TSS 1233 | SST | 2018-11-09
exact/aware/none	canlii-title	known record's A2AJ name is a variant (typo, punctuation, abbreviation, given name)	Wolfridge Farm Ltd. v Farm Credit Canada	2016 NSCA 46	NSCA	2016	Wolfridge Farm Ltd. v. Farm Credit Canada | 2016 NSCA 19 | NSCA | 2016-03-18	Wolfridge Farms Ltd. v. Farm Credit Canada | 2016 NSCA 46 | NSCA | 2016-05-31
exact/aware/none	canlii-title	known record's A2AJ name is a variant (typo, punctuation, abbreviation, given name)	C.C. v. Nova Scotia (Community Services)	2015 NSCA 28	NSCA	2015	C.C. v. Nova Scotia (Community Services) | 2015 NSCA 67 | NSCA | 2015-07-07	C. C. v. Nova Scotia (Community Services) | 2015 NSCA 28 | NSCA | 2015-03-24
exact/aware/none	canlii-title	known record's A2AJ name is a variant (typo, punctuation, abbreviation, given name)	Dataville Farms Ltd. v. Colchester County (Municipality)	2014 NSCA 81	NSCA	2014	Dataville Farms Ltd. v. Colchester County (Municipality) | 2014 NSCA 95 | NSCA | 2014-10-17	Dataville Farms ltd. v. Colchester County (Municipality) | 2014 NSCA 81 | NSCA | 2014-09-03
exact/aware/none	canlii-title	known record's A2AJ name is a different style (other party, other title)	R. v. Chehil	2009 NSCA 85	NSCA	2009	R. v. Chehil | 2009 NSCA 111 | NSCA | 2009-11-06	R. v. Chehill | 2009 NSCA 85 | NSCA | 2009-08-14
exact/aware/none	canlii-title	known record's A2AJ name is a variant (typo, punctuation, abbreviation, given name)	Cape Breton Development Corporation v. Nova Scotia (Workers' Compensation Appeals Tribunal)	2008 NSCA 72	NSCA	2008	Cape Breton Development Corporation v. Nova Scotia (Workers' Compensation Appeals Tribunal) | 2008 NSCA 11 | NSCA | 2008-02-04	Cape Breton Developmenet Corporation v. Nova Scotia (Workers' Compensation Appeals Tribunal) | 2008 NSCA 72 | NSCA | 2008-07-31
exact/aware/none	canlii-title	known record's A2AJ name is a variant (typo, punctuation, abbreviation, given name)	R. v. Tattrie	2007 NSCA 41	NSCA	2007	R. v. Tattrie | 2007 NSCA 71 | NSCA | 2007-06-08	R, v, Tattrie | 2007 NSCA 41 | NSCA | 2007-04-11
exact/aware/none	canlii-title	known record's A2AJ name is a variant (typo, punctuation, abbreviation, given name)	Royal Bank of Canada v. Saulnier	2006 NSCA 91	NSCA	2006	Royal Bank of Canada v. Saulnier | 2006 NSCA 108 | NSCA | 2006-10-05	Saulnier v. Royal Bank of Canada | 2006 NSCA 91 | NSCA | 2006-07-25
exact/aware/none	canlii-title	known record's A2AJ name is a variant (typo, punctuation, abbreviation, given name)	Whey v. Halifax (Regional Municipality)	2006 NSCA 40	NSCA	2006	Whey v. Halifax (Regional Municipality) | 2006 NSCA 107 | NSCA | 2006-09-28	Halifax (Regional Municipality) v. Whey | 2006 NSCA 40 | NSCA | 2006-03-28
exact/aware/none	canlii-title	known record's A2AJ name is a variant (typo, punctuation, abbreviation, given name)	Wall v. Horn Abbot Ltd.	2006 NSCA 36	NSCA	2006	Wall v. Horn Abbot Ltd. | 2006 NSCA 60 | NSCA | 2006-05-12	Horn Abbot Ltd. v. Wall | 2006 NSCA 36 | NSCA | 2006-03-24
exact/aware/none	canlii-title	known record's A2AJ name is a variant (typo, punctuation, abbreviation, given name)	Shannex Health Care Management Inc. v. Nova Scotia (Attorney General)	2005 NSCA 52	NSCA	2005	Shannex Health Care Management Inc. v. Nova Scotia (Attorney General) | 2005 NSCA 158 | NSCA | 2005-12-08	Shannex Health Care Management Inc. v. Nova Scotia (Health) | 2005 NSCA 52 | NSCA | 2005-03-30
exact/aware/none	canlii-title	known record's A2AJ name is a different style (other party, other title)	Smith v. Heron	2003 NSCA 113	NSCA	2003	Smith v. Heron | 2003 NSCA 88 | NSCA | 2003-09-09	MacGillivary v. Smith | 2003 NSCA 113 | NSCA | 2003-10-22
exact/aware/none	canlii-title	known record's A2AJ name is a variant (typo, punctuation, abbreviation, given name)	Smith v. Heron	2003 NSCA 92	NSCA	2003	Smith v. Heron | 2003 NSCA 88 | NSCA | 2003-09-09	Heron v. Smith | 2003 NSCA 92 | NSCA | 2003-09-15
exact/aware/none	canlii-title	known record's A2AJ name is a different style (other party, other title)	Michelin North America (Canada) Inc. v. Nova Scotia (Workers' Compensation Board)	2002 NSCA 166	NSCA	2002	Michelin North America (Canada) Inc. v. Nova Scotia (Workers' Compensation Board) | 2002 NSCA 87 | NSCA | 2002-06-17	Michelin North America (Canada) Inc. v.Ross | 2002 NSCA 166 | NSCA | 2002-12-30
exact/aware/none	canlii-title	known record's A2AJ name is a variant (typo, punctuation, abbreviation, given name)	Potter  v. Halifax Regional School Board	2002 NSCA 88	NSCA	2002	Potter v. Halifax Regional School Board | 2002 NSCA 105 | NSCA | 2002-08-23	Halifax Regional School Board v. Potter | 2002 NSCA 88 | NSCA | 2002-06-21
exact/aware/none	canlii-title	known record's A2AJ name is a different style (other party, other title)	Michelin North America (Canada) Inc. v. Ross	2002 NSCA 87	NSCA	2002	Michelin North America (Canada) Inc. v. Ross | 2002 NSCA 102 | NSCA | 2002-08-14	Michelin North America (Canada) Inc. v. Nova Scotia (Workers' Compensation Board) | 2002 NSCA 87 | NSCA | 2002-06-17
exact/aware/none	canlii-title	known record's A2AJ name is a variant (typo, punctuation, abbreviation, given name)	Jollymore v. Jollymore Estate	2001 NSCA 116	NSCA	2001	Jollymore v. Jollymore Estate | 2001 NSCA 172 | NSCA | 2001-11-29	Jollymore Estate v. Jollymore | 2001 NSCA 116 | NSCA | 2001-07-26
exact/aware/none	canlii-title	known record's A2AJ name is a variant (typo, punctuation, abbreviation, given name)	Robert Hatch Retail Inc. v. Canadian Auto Workers Union Local 4624	1999 NSCA 150	NSCA	1999	Robert Hatch Retail Inc. v. Canadian Auto Workers Union Local 4624 | 1999 NSCA 107 | NSCA | 1999-09-23	Robert Hatch Retail Inc. v. Canadian Auto Workers Union, Local 4624 | 1999 NSCA 150 | NSCA | 1999-12-01
exact/aware/none	canlii-title	known record's A2AJ name is a variant (typo, punctuation, abbreviation, given name)	Provincial Contracting v. Spence Aggregates Contracting Ltd.	1999 NSCA 116	NSCA	1999	Provincial Contracting v. Spence Aggregates Contracting Ltd. | 1999 NSCA 9 | NSCA | 1999-08-27	Provincial Contracting Ltd. v. Spence Aggregates Contracting Ltd. | 1999 NSCA 116 | NSCA | 1999-10-07
exact/aware/none	canlii-title	known record's A2AJ name is a variant (typo, punctuation, abbreviation, given name)	Parsons v. Guevremont	1999 NSCA 113	NSCA	1999	Parsons v. Guevremont | 1999 NSCA 97 | NSCA | 1999-06-16	Guevremont v. Parsons | 1999 NSCA 113 | NSCA | 1999-10-05
exact/aware/none	canlii-title	known record's A2AJ name is a variant (typo, punctuation, abbreviation, given name)	Henderson v. Kenora-Rainy River Districts Child & Family Services	2022 ONCA 292	ONCA	2022	Henderson v. Kenora-Rainy River Districts Child & Family Services | 2022 ONCA 387 | ONCA | 2022-05-16	M.J.H. v. Kenora-Rainy River Districts Child & Family Services | 2022 ONCA 292 | ONCA | 2022-04-08
exact/aware/none	canlii-title	known record's A2AJ name is a variant (typo, punctuation, abbreviation, given name)	R. v. Fuller	2021 ONCA 888	ONCA	2021	R. v. Fuller | 2021 ONCA 411 | ONCA | 2021-06-11	R. v. Jevane Fuller | 2021 ONCA 888 | ONCA | 2021-12-14
exact/aware/none	canlii-title	known record's A2AJ name is a variant (typo, punctuation, abbreviation, given name)	Thrive Capital Management Ltd. v. Noble 1324	2021 ONCA 722	ONCA	2021	Thrive Capital Management Ltd. v. Noble 1324 | 2021 ONCA 846 | ONCA | 2021-11-24	Thrive Capital Management Ltd. v. Noble 1324 Queen Inc. | 2021 ONCA 722 | ONCA | 2021-10-15
exact/aware/none	canlii-title	known record's A2AJ name is a variant (typo, punctuation, abbreviation, given name)	Canadian Civil Liberties Association v. Canada	2019 ONCA 243	ONCA	2019	Canadian Civil Liberties Association v. Canada | 2019 ONCA 342 | ONCA | 2019-04-26	Canadian Civil Liberties Association v. Canada (Attorney General) | 2019 ONCA 243 | ONCA | 2019-03-28
exact/aware/none	canlii-title	known record's A2AJ name is a variant (typo, punctuation, abbreviation, given name)	Alguire v. The Manufacturers Life Insurance Company (Manulife Financial)	2018 ONCA 202	ONCA	2018	Alguire v. The Manufacturers Life Insurance Company (Manulife Financial) | 2018 ONCA 280 | ONCA | 2018-03-21	Alguire v. The Manufacturers Life Insurance Company (ManulifeFinancial) | 2018 ONCA 202 | ONCA | 2018-03-01
exact/aware/none	canlii-title	known record's A2AJ name is a variant (typo, punctuation, abbreviation, given name)	Cana International Distributing Inc. v. Standard Innovation Corporation	2018 ONCA 145	ONCA	2018	Cana International Distributing Inc. v. Standard Innovation Corporation | 2018 ONCA 387 | ONCA | 2018-04-19	Cana International Distributing Inc. v. Standard | 2018 ONCA 145 | ONCA | 2018-02-15
exact/aware/none	canlii-title	known record's A2AJ name is a variant (typo, punctuation, abbreviation, given name)	Parkhill Excavating Limited v. Royal & Sunalliance Insurance Company of Canada	2016 ONCA 832	ONCA	2016	Parkhill Excavating Limited v. Royal & Sunalliance Insurance Company of Canada | 2016 ONCA 882 | ONCA | 2016-11-22	Parkhill Excavating Limited v. Royal & Sunalliance Insurance Companyof Canada | 2016 ONCA 832 | ONCA | 2016-11-08
exact/aware/none	canlii-title	known record's A2AJ name is a variant (typo, punctuation, abbreviation, given name)	Iroquois Falls Power Corporation v. Ontario Electricity Financial Corporation	2016 ONCA 687	ONCA	2016	Iroquois Falls Power Corporation v. Ontario Electricity Financial Corporation | 2016 ONCA 271 | ONCA | 2016-04-19	Iroquois Falls Power Corporation v. Ontario Electricity FinancialCorporation | 2016 ONCA 687 | ONCA | 2016-09-19
exact/aware/none	canlii-title	known record's A2AJ name is a variant (typo, punctuation, abbreviation, given name)	Iroquois Falls Power Corporation v. Ontario Electricity Financial Corporation	2016 ONCA 616	ONCA	2016	Iroquois Falls Power Corporation v. Ontario Electricity Financial Corporation | 2016 ONCA 271 | ONCA | 2016-04-19	Iroquois Falls Power Corporation v. Ontario Electricity FinancialCorporation | 2016 ONCA 616 | ONCA | 2016-08-08
exact/aware/none	canlii-title	known record's A2AJ name is a variant (typo, punctuation, abbreviation, given name)	Sistem Mühendislik İnşaat Sanayi Ve Ticaret Anomic Sirketi v. Kyrgyz Republic	2015 ONCA 666	ONCA	2015	Sistem Mühendislik İnşaat Sanayi Ve Ticaret Anomic Sirketi v. Kyrgyz Republic | 2015 ONCA 447 | ONCA | 2015-06-19	Sistem Mühendislik İnşaat Sanayi Ve Ticaret Anomic Sirketi v.Kyrgyz Republic | 2015 ONCA 666 | ONCA | 2015-10-01
exact/aware/none	canlii-title	known record's A2AJ name is a different style (other party, other title)	R. v. Proulx	2014 ONCA 205	ONCA	2014	R. v. Proulx | 2014 ONCA 254 | ONCA | 2014-03-17	Feinstein v. Freedman | 2014 ONCA 205 | ONCA | 2014-03-19
exact/aware/none	canlii-title	known record's A2AJ name is a variant (typo, punctuation, abbreviation, given name)	Seredy v. RBC Royal Bank of Canada	2012 ONCA 883	ONCA	2012	Seredy v. RBC Royal Bank of Canada | 2012 ONCA 377 | ONCA | 2012-06-05	RBC Royal Bank of Canada | 2012 ONCA 883 | ONCA | 2012-12-13
exact/aware/none	canlii-title	known record's A2AJ name is a variant (typo, punctuation, abbreviation, given name)	Remo Valente Real Estate (1990) Limited v. Portofino Riverside Tower Inc.	2012 ONCA 51	ONCA	2012	Remo Valente Real Estate (1990) Limited v. Portofino Riverside Tower Inc. | 2012 ONCA 160 | ONCA | 2012-03-15	Remo Valente Real Estate (1990) Limited v. Portofino Riverside TowerInc. | 2012 ONCA 51 | ONCA | 2012-01-26
exact/aware/none	canlii-title	known record's A2AJ name is a different style (other party, other title)	R. v. G.C.	2010 ONCA 451	ONCA	2010	R. v. G.C. | 2010 ONCA 539 | ONCA | 2010-07-29	R. v. Crangle | 2010 ONCA 451 | ONCA | 2010-06-17
exact/aware/none	canlii-title	known record's A2AJ name is a variant (typo, punctuation, abbreviation, given name)	1397868 Ontario Ltd. v. Nordic Gaming Corporation (Fort Erie Race Track)	2010 ONCA 181	ONCA	2010	1397868 Ontario Ltd. v. Nordic Gaming Corporation (Fort Erie Race Track) | 2010 ONCA 101 | ONCA | 2010-02-05	1397868 Ontario Ltd. v. Nordic Gaming Corporation (Fort Erie RaceTrack) | 2010 ONCA 181 | ONCA | 2010-03-10
exact/aware/none	canlii-title	known record's A2AJ name is a variant (typo, punctuation, abbreviation, given name)	Law Society of Upper Canada v. Igbinosun	2009 ONCA 767	ONCA	2009	Law Society of Upper Canada v. Igbinosun | 2009 ONCA 818 | ONCA | 2009-11-20	The Law Society of Upper Canada v. Igbinosun | 2009 ONCA 767 | ONCA | 2009-11-04
exact/aware/none	canlii-title	known record's A2AJ name is a variant (typo, punctuation, abbreviation, given name)	Metropolitan Toronto Condominium Corporation No. 1250 v. The Mastercraft Group Inc	2009 ONCA 584	ONCA	2009	Metropolitan Toronto Condominium Corporation No. 1250 v. The Mastercraft Group Inc. | 2009 ONCA 745 | ONCA | 2009-10-27	Metropolitan Toronto Condominium Corporation No. 1250v. The Mastercraft Group Inc. | 2009 ONCA 584 | ONCA | 2009-07-23
exact/aware/none	canlii-title	known record's A2AJ name is a variant (typo, punctuation, abbreviation, given name)	1213963 Ontario Limited (Sin City Bar and Eatery) v. Alcohol and Gaming Commission of Ontario	2009 ONCA 338	ONCA	2009	1213963 Ontario Limited (Sin City Bar and Eatery) v. Alcohol and Gaming Commission of Ontario | 2009 ONCA 323 | ONCA | 2009-04-20	1213963 Ontario Limited (Sin City Bar and Eatery) v. Alcohol and GamingCommission of Ontario | 2009 ONCA 338 | ONCA | 2009-04-28
exact/aware/none	canlii-title	known record's A2AJ name is a variant (typo, punctuation, abbreviation, given name)	Authorson v. Canada (Attorney General)	2007 ONCA 501	ONCA	2007	Authorson v. Canada (Attorney General) | 2007 ONCA 599 | ONCA | 2007-09-06	Authorson Estate v. Canada (Attorney General) | 2007 ONCA 501 | ONCA | 2007-07-04
exact/aware/none	canlii-title	known record's A2AJ name is a variant (typo, punctuation, abbreviation, given name)	Allstate Insurance Company of Canada v. Motor Vehicle Accident Claims Fund	2007 ONCA 372	ONCA	2007	Allstate Insurance Company of Canada v. Motor Vehicle Accident Claims Fund | 2007 ONCA 61 | ONCA | 2007-01-31	Allstate Insurance Company of Canada v. Motor Vehicle Accident ClaimsFund | 2007 ONCA 372 | ONCA | 2007-05-16
exact/aware/none	canlii-title	known record's A2AJ name is a different style (other party, other title)	R. v. Paul	2022 NSPC 28	NSPC	2022	R. v. Paul | 2022 NSPC 60 | NSPC | 2022-09-28	R. v. Googoo | 2022 NSPC 28 | NSPC | 2022-07-08
exact/aware/none	canlii-title	known record's A2AJ name is a different style (other party, other title)	R. v. Denny	2016 NSPC 25	NSPC	2016	R. v. Denny | 2016 NSPC 83 | NSPC | 2016-07-14	R. v. McCarthy's Roofing Ltd. | 2016 NSPC 25 | NSPC | 2016-03-31
exact/aware/none	canlii-title	known record's A2AJ name is a variant (typo, punctuation, abbreviation, given name)	R. v. MacKenzie	2012 NSPC 4	NSPC	2012	R. v. MacKenzie | 2012 NSPC 19 | NSPC | 2012-03-12	R&gt; v. MacKenzie | 2012 NSPC 4 | NSPC | 2012-01-16
exact/aware/none	canlii-title	known record's A2AJ name is a variant (typo, punctuation, abbreviation, given name)	R. v. Ivy Fisheries Ltd.	2006 NSPC 5	NSPC	2006	R. v. Ivy Fisheries Ltd. | 2006 NSPC 26 | NSPC | 2006-06-14	R. v. Ivy Fisheries | 2006 NSPC 5 | NSPC | 2006-03-01
exact/aware/none	canlii-title	known record's A2AJ name is a different style (other party, other title)	R. v. A.A.B.	2006 NSPC 4	NSPC	2006	R. v. A.A.B. | 2006 NSPC 16 | NSPC | 2006-04-19	R. v. Billard | 2006 NSPC 4 | NSPC | 2006-01-11
exact/aware/none	canlii-title	known record's A2AJ name is a variant (typo, punctuation, abbreviation, given name)	Buffalo Megan Holding Ltd. v PKT Holdings Inc.	2025 BCSC 1322	BCSC	2025	Buffalo Megan Holding Ltd. v. PKT Holdings Inc. | 2025 BCSC 798 | BCSC | 2025-04-29	Buffalo Megan Holding Ltd. v. PKT Holdings Ltd. | 2025 BCSC 1322 | BCSC | 2025-07-14
exact/aware/none	canlii-title	known record's A2AJ name is a variant (typo, punctuation, abbreviation, given name)	Horning v Schroeder‑Collen	2025 BCSC 1233	BCSC	2025	Horning v. Schroeder-Collen | 2025 BCSC 1698 | BCSC | 2025-09-02	Horning v. Schroeder Collen | 2025 BCSC 1233 | BCSC | 2025-07-07
exact/aware/none	canlii-title	known record's A2AJ name is a variant (typo, punctuation, abbreviation, given name)	John Doe v Edgewood Holdings (2013) Ltd.	2025 BCSC 972	BCSC	2025	John Doe v. Edgewood Holdings (2013) Ltd. | 2025 BCSC 185 | BCSC | 2025-02-05	Doe v. Edgewood Holdings (2013) Ltd. | 2025 BCSC 972 | BCSC | 2025-05-28
exact/aware/none	canlii-title	known record's A2AJ name is a different style (other party, other title)	Pereira v British Columbia (Labour Relations Board)	2025 BCSC 1162	BCSC	2025	Pereira v. British Columbia (Labour Relations Board) | 2025 BCSC 1346 | BCSC | 2025-06-09	Pereira v. Dexterra Group Inc | 2025 BCSC 1162 | BCSC | 2025-05-02
exact/aware/none	canlii-title	A2AJ decision date in another year than the citation	Tench v Sullivan	2025 BCSC 294	BCSC	2025	Tench v. Sullivan | 2025 BCSC 506 | BCSC | 2025-03-13	Tench v. Sullivan | 2025 BCSC 294 | BCSC | 2024-02-24
exact/aware/none	canlii-title	A2AJ decision date in another year than the citation	Tucker v Moore	2024 BCSC 1268	BCSC	2024	Tucker v. Moore | 2024 BCSC 427 | BCSC | 2024-03-13	Tucker v. Moore | 2024 BCSC 1268 | BCSC | 2023-07-15
exact/aware/none	canlii-title	known record's A2AJ name is a variant (typo, punctuation, abbreviation, given name)	Sun v Mercedes-Benz Financial Services Canada Corporation	2022 BCSC 902	BCSC	2022	Sun v. Mercedes-Benz Financial Services Canada Corporation | 2022 BCSC 443 | BCSC | 2022-02-10	Sun v. Mercedes-Benz Financial Service Canada Corporation | 2022 BCSC 902 | BCSC | 2022-06-01
exact/aware/none	canlii-title	known record's A2AJ name is a variant (typo, punctuation, abbreviation, given name)	R. v Biring	2021 BCSC 2654	BCSC	2021	R. v. Biring | 2021 BCSC 2678 | BCSC | 2021-12-03	R. v. BIRING | 2021 BCSC 2654 | BCSC | 2021-11-23
exact/aware/none	canlii-title	known record's A2AJ name is a variant (typo, punctuation, abbreviation, given name)	Luminary Holding Corp. v Fyfe	2021 BCSC 1498	BCSC	2021	Luminary Holding Corp. v. Fyfe | 2021 BCSC 167 | BCSC | 2021-02-03	Luminary Holdings Corp. v. Fyfe | 2021 BCSC 1498 | BCSC | 2021-08-03
exact/aware/none	canlii-title	known record's A2AJ name is a variant (typo, punctuation, abbreviation, given name)	Eisler v Connor, Clark & Lunn Financial Group Ltd	2021 BCSC 1988	BCSC	2021	Eisler v. Connor, Clark & Lunn Financial Group Ltd. | 2021 BCSC 1280 | BCSC | 2021-06-30	Eisler v. Conner, Clark & Lunn Financial Group Ltd | 2021 BCSC 1988 | BCSC | 2021-07-12
exact/aware/none	canlii-title	known record's A2AJ name is a variant (typo, punctuation, abbreviation, given name)	R. v So	2021 BCSC 1072	BCSC	2021	R. v. So | 2021 BCSC 672 | BCSC | 2021-04-12	R.v. So | 2021 BCSC 1072 | BCSC | 2021-05-21
exact/aware/none	canlii-title	known record's A2AJ name is a different style (other party, other title)	Bhumrah v McLeary	2021 BCSC 560	BCSC	2021	Bhumrah v. McLeary | 2021 BCSC 285 | BCSC | 2021-02-23	Bhumrah v.McLeary | 2021 BCSC 560 | BCSC | 2021-03-30
exact/aware/none	canlii-title	known record's A2AJ name is a variant (typo, punctuation, abbreviation, given name)	Mee Hoi Bros. Company Ltd. v Borving Investments (Canada) Ltd.	2020 BCSC 2000	BCSC	2020	Mee Hoi Bros. Company Ltd. v. Borving Investments (Canada) Ltd. | 2020 BCSC 1999 | BCSC | 2020-12-16	Mee Hoi Bros. Company Ltd. v. Borving | 2020 BCSC 2000 | BCSC | 2020-12-16
exact/aware/none	canlii-title	known record's A2AJ name is a variant (typo, punctuation, abbreviation, given name)	Snaw-Naw-As First Nation v Attorney General of Canada	2020 BCSC 1967	BCSC	2020	Snaw-Naw-As First Nation v. Attorney General of Canada | 2020 BCSC 979 | BCSC | 2020-06-30	Snaw-Na-As First Nation v. Attorney General of Canada | 2020 BCSC 1967 | BCSC | 2020-12-11
exact/aware/none	canlii-title	known record's A2AJ name is a variant (typo, punctuation, abbreviation, given name)	U.S.A. v Hollaus	2020 BCSC 1165	BCSC	2020	U.S.A. v. Hollaus | 2020 BCSC 1600 | BCSC | 2020-10-01	R. v. Hollaus | 2020 BCSC 1165 | BCSC | 2020-08-07
exact/aware/none	canlii-title	known record's A2AJ name is a variant (typo, punctuation, abbreviation, given name)	Concord Pacific Acquisitions Inc. v Oei	2020 BCSC 832	BCSC	2020	Concord Pacific Acquisitions Inc. v. Oei | 2020 BCSC 368 | BCSC | 2020-02-28	Concord Pacific Acquistions Inc. v. Oei | 2020 BCSC 832 | BCSC | 2020-06-04
exact/aware/none	canlii-title	known record's A2AJ name is a different style (other party, other title)	Hoisington v Johnson & Johnson Inc.	2020 BCSC 431	BCSC	2020	Hoisington v. Johnson & Johnson Inc. | 2020 BCSC 1018 | BCSC | 2020-07-08	Hosington v. Johnson & Johnson Inc. | 2020 BCSC 431 | BCSC | 2020-03-24
exact/aware/none	canlii-title	known record's A2AJ name is a variant (typo, punctuation, abbreviation, given name)	Watt v Health Sciences Association of British Columbia	2020 BCSC 280	BCSC	2020	Watt v. Health Sciences Association of British Columbia | 2020 BCSC 1494 | BCSC | 2020-10-07	Watt v. Health Science Association of British Columbia | 2020 BCSC 280 | BCSC | 2020-03-02
exact/aware/none	canlii-title	known record's A2AJ name is a variant (typo, punctuation, abbreviation, given name)	Forjay Management Ltd. v 0981478 BC Ltd.	2019 BCSC 1129	BCSC	2019	Forjay Management Ltd. v. 0981478 B.C. Ltd. | 2019 BCSC 238 | BCSC | 2019-02-25	Forjay Management Ltd. v. 1981478 BC Ltd. | 2019 BCSC 1129 | BCSC | 2019-06-11
exact/aware/none	canlii-title	known record's A2AJ name is a variant (typo, punctuation, abbreviation, given name)	1114829 B.C. Ltd. v Whistler (Municipality)	2019 BCSC 752	BCSC	2019	1114829 B.C. Ltd. v. Whistler (Municipality) | 2019 BCSC 984 | BCSC | 2019-06-17	1114829 B.C. Ltd. v. Whistler (Township) | 2019 BCSC 752 | BCSC | 2019-05-14
exact/aware/none	canlii-title	known record's A2AJ name is a variant (typo, punctuation, abbreviation, given name)	Neural Capital GP, LLC v 1156062 BC Ltd.	2019 BCSC 478	BCSC	2019	Neural Capital GP, LLC v. 1156062 BC Ltd. | 2019 BCSC 2180 | BCSC | 2019-09-26	Neural Capital GP, LLC v. 11560602 BC Ltd. | 2019 BCSC 478 | BCSC | 2019-03-21
exact/aware/none	canlii-title	known record's A2AJ name is a variant (typo, punctuation, abbreviation, given name)	Skeena Disposal Co. Ltd. v Griffin Fish Ltd.	2018 BCSC 1426	BCSC	2018	Skeena Disposal Co. Ltd. v. Griffin Fish Ltd. | 2018 BCSC 1267 | BCSC | 2018-07-27	Skeena Disposal Co. Ltd., v. Griffin Fish Ltd. | 2018 BCSC 1426 | BCSC | 2018-08-23
exact/aware/none	canlii-title	known record's A2AJ name is a variant (typo, punctuation, abbreviation, given name)	B & L Holdings Inc. v SNFW Fitness BC Ltd.	2018 BCSC 1374	BCSC	2018	B & L Holdings Inc. v. SNFW Fitness BC Ltd. | 2018 BCSC 849 | BCSC | 2018-05-23	B & L Holdings Inc. v. SNFW Witness BC Ltd. | 2018 BCSC 1374 | BCSC | 2018-07-27
exact/aware/none	canlii-title	A2AJ decision date in another year than the citation	Crookall v Higby	2018 BCSC 1200	BCSC	2018	Crookall v. Higby | 2018 BCSC 1544 | BCSC | 2018-09-07	Crookall v. Higby | 2018 BCSC 1200 | BCSC | 2017-07-17
exact/aware/none	canlii-title	known record's A2AJ name is a variant (typo, punctuation, abbreviation, given name)	Imperial Metals Corporation v Knight Piésold Ltd.	2018 BCSC 1191	BCSC	2018	Imperial Metals Corporation v. Knight Piésold Ltd. | 2018 BCSC 211 | BCSC | 2018-02-14	Imperial Metals Corporation v. Knight Piesold Ltd. | 2018 BCSC 1191 | BCSC | 2018-07-16
exact/aware/none	canlii-title	known record's A2AJ name is a variant (typo, punctuation, abbreviation, given name)	Achtymichuk v Bayer Inc.	2018 BCSC 1159	BCSC	2018	Achtymichuk v. Bayer Inc. | 2018 BCSC 776 | BCSC | 2018-05-01	Achtymichuk v. Bayer | 2018 BCSC 1159 | BCSC | 2018-07-11
exact/aware/none	canlii-title	known record's A2AJ name is a variant (typo, punctuation, abbreviation, given name)	Ohman v Synq Access + Security Technology Limited	2018 BCSC 1001	BCSC	2018	Ohman v. Synq Access + Security Technology Limited | 2018 BCSC 1078 | BCSC | 2018-06-29	Ohman v. Synq Access + Securtiy Technology Limited | 2018 BCSC 1001 | BCSC | 2018-06-19
exact/aware/none	canlii-title	known record's A2AJ name is a variant (typo, punctuation, abbreviation, given name)	Cirius Messaging Inc. v Epstein Enterprises Inc.	2017 BCSC 2084	BCSC	2017	Cirius Messaging Inc. v. Epstein Enterprises Inc. | 2017 BCSC 1751 | BCSC | 2017-09-29	Cirius Messaging Inc. v. Epstein | 2017 BCSC 2084 | BCSC | 2017-11-17
exact/aware/none	canlii-title	known record's A2AJ name is a variant (typo, punctuation, abbreviation, given name)	Pacific Wagondepot Ltd. v Hudson West Development Ltd.	2017 BCSC 1593	BCSC	2017	Pacific Wagondepot Ltd. v. Hudson West Development Ltd. | 2017 BCSC 1993 | BCSC | 2017-11-03	Pacific Wagondepot Ltd. v. Hudson West Developments Ltd. | 2017 BCSC 1593 | BCSC | 2017-09-07
exact/aware/none	canlii-title	known record's A2AJ name is a variant (typo, punctuation, abbreviation, given name)	Cullen v Henderson Heinrichs	2017 BCSC 829	BCSC	2017	Cullen v. Henderson Heinrichs | 2017 BCSC 612 | BCSC | 2017-04-13	Cullens v Henderson Heinrichs | 2017 BCSC 829 | BCSC | 2017-05-02
exact/aware/none	canlii-title	known record's A2AJ name is a variant (typo, punctuation, abbreviation, given name)	Oleksiewicz v. Oleksiewicz	2017 BCSC 228	BCSC	2017	Oleksiewicz v. Oleksiewicz | 2017 BCSC 1687 | BCSC | 2017-09-22	Oleksiewicz v. Oleksiesicz | 2017 BCSC 228 | BCSC | 2017-02-10
exact/aware/none	canlii-title	known record's A2AJ name is a variant (typo, punctuation, abbreviation, given name)	Mudrovcic v. Engenuity Manufacturing Solutions Ltd.	2016 BCSC 2573	BCSC	2016	Mudrovcic v. Engenuity Manufacturing Solutions Ltd. | 2016 BCSC 2574 | BCSC | 2016-09-16	Mudrovcic v. Engenuity Manufacturing Solutions | 2016 BCSC 2573 | BCSC | 2016-09-13
exact/aware/none	canlii-title	known record's A2AJ name is a variant (typo, punctuation, abbreviation, given name)	Peace River Greenhouses Ltd. v. Taylor (District)	2016 BCSC 1455	BCSC	2016	Peace River Greenhouses Ltd. v. Taylor (District) | 2016 BCSC 1448 | BCSC | 2016-08-08	Peace River Greenhouses Ltd., v. Taylor (District) | 2016 BCSC 1455 | BCSC | 2016-08-09
exact/aware/none	canlii-title	known record's A2AJ name is a variant (typo, punctuation, abbreviation, given name)	Hoisington v. Johnson & Johnson Inc.	2016 BCSC 807	BCSC	2016	Hoisington v. Johnson & Johnson Inc. | 2016 BCSC 1973 | BCSC | 2016-10-27	Hoisington v. Johnson & Johnson | 2016 BCSC 807 | BCSC | 2016-05-06
exact/aware/none	canlii-title	known record's A2AJ name is a variant (typo, punctuation, abbreviation, given name)	Simmonds v. Victoria (City)	2016 BCSC 951	BCSC	2016	Simmonds v. Victoria (City) | 2016 BCSC 838 | BCSC | 2016-04-18	Simmonds v. The Corporation of the City of Victoria | 2016 BCSC 951 | BCSC | 2016-04-22
exact/aware/none	canlii-title	known record's A2AJ name is a variant (typo, punctuation, abbreviation, given name)	Nelson v. British Columbia (Provincial Health Services Authority)	2015 BCSC 2489	BCSC	2015	Nelson v. British Columbia (Provincial Health Services Authority) | 2015 BCSC 1941 | BCSC | 2015-10-26	Nelson v. British Columbia (Provincial Health Services Authority | 2015 BCSC 2489 | BCSC | 2015-07-29
exact/aware/none	canlii-title	A2AJ decision date in another year than the citation	Fairhurst v. Anglo American PLC	2014 BCSC 2270	BCSC	2014	Fairhurst v. Anglo American PLC | 2014 BCSC 827 | BCSC | 2014-05-12	Fairhurst v. Anglo American PLC | 2014 BCSC 2270 | BCSC | 2012-12-02
exact/aware/none	canlii-title	known record's A2AJ name is a variant (typo, punctuation, abbreviation, given name)	Rempel Bros. Concrete Ltd. v. C.J. Smith Contracting Ltd.	2014 BCSC 1186	BCSC	2014	Rempel Bros. Concrete Ltd. v. C.J. Smith Contracting Ltd. | 2014 BCSC 1734 | BCSC | 2014-09-16	Rempel Bros. Concrete Ltd., v. C.J. Smith Contracting Ltd. | 2014 BCSC 1186 | BCSC | 2014-06-27
exact/aware/none	canlii-title	known record's A2AJ name is a variant (typo, punctuation, abbreviation, given name)	Conseil scolaire francophone de la Colombie-Britannique v. British Columbia (Education)	2014 BCSC 851	BCSC	2014	Conseil scolaire francophone de la Colombie-Britannique v. British Columbia (Education) | 2014 BCSC 741 | BCSC | 2014-04-28	Conseil scolaire francophone de la Colombie-Britannique v. British Colubmia (Education) | 2014 BCSC 851 | BCSC | 2014-05-15
exact/aware/none	canlii-title	known record's A2AJ name is a variant (typo, punctuation, abbreviation, given name)	Bhandal v. Khalsa Diwan Society of Victoria	2013 BCSC 1969	BCSC	2013	Bhandal v. Khalsa Diwan Society of Victoria | 2013 BCSC 1425 | BCSC | 2013-08-08	Bhandal v. Khalsa Diwan Soceity of Victoria | 2013 BCSC 1969 | BCSC | 2013-10-30
exact/aware/none	canlii-title	known record's A2AJ name is a variant (typo, punctuation, abbreviation, given name)	Ambrosi v. British Columbia (Attorney General)	2012 BCSC 1261	BCSC	2012	Ambrosi v. British Columbia (Attorney General) | 2012 BCSC 720 | BCSC | 2012-05-17	Ambrosi v. British Columbia (Attorney General), | 2012 BCSC 1261 | BCSC | 2012-08-24
exact/aware/none	canlii-title	known record's A2AJ name is a variant (typo, punctuation, abbreviation, given name)	Vincent v. Roche-Vincent	2012 BCSC 1233	BCSC	2012	Vincent v. Roche-Vincent | 2012 BCSC 1709 | BCSC | 2012-10-25	Vincent v. Roche-Vincent, | 2012 BCSC 1233 | BCSC | 2012-08-16
exact/aware/none	canlii-title	known record's A2AJ name is a variant (typo, punctuation, abbreviation, given name)	A Speedy Solutions Oil Tank Removal Inc. v. Horvath Estate	2012 BCSC 1212	BCSC	2012	A Speedy Solutions Oil Tank Removal Inc. v. Horvath Estate | 2012 BCSC 787 | BCSC | 2012-05-30	A Speedy Solutions OIl Tank Removal Inc. v. Horvath Estate | 2012 BCSC 1212 | BCSC | 2012-08-15
exact/aware/none	canlii-title	known record's A2AJ name is a variant (typo, punctuation, abbreviation, given name)	British Columbia v. Lemare Lake Logging Ltd.	2012 BCSC 939	BCSC	2012	British Columbia v. Lemare Lake Logging Ltd. | 2012 BCSC 193 | BCSC | 2012-02-08	British Columbia v. Lemare Lake Logging Ltd., | 2012 BCSC 939 | BCSC | 2012-06-26
exact/aware/none	canlii-title	known record's A2AJ name is a variant (typo, punctuation, abbreviation, given name)	Delgiglio v. British Columbia (Public Safety and Solicitor General)	2012 BCSC 803	BCSC	2012	Delgiglio v. British Columbia (Public Safety and Solicitor General) | 2012 BCSC 480 | BCSC | 2012-04-02	Delgiglio v. British Columbia (Public Safety and Solicitor General), | 2012 BCSC 803 | BCSC | 2012-05-31
exact/aware/none	canlii-title	known record's A2AJ name is a variant (typo, punctuation, abbreviation, given name)	Butler v. Matsqui Institution (Warden)	2012 BCSC 672	BCSC	2012	Butler v. Matsqui Institution (Warden) | 2012 BCSC 1326 | BCSC | 2012-09-11	Butler v. Matsqui Institution (Warden), | 2012 BCSC 672 | BCSC | 2012-05-10
exact/aware/none	canlii-title	known record's A2AJ name is a variant (typo, punctuation, abbreviation, given name)	Sivia v. British Columbia (Superintendent of Motor Vehicles)	2012 BCSC 515	BCSC	2012	Sivia v. British Columbia (Superintendent of Motor Vehicles) | 2012 BCSC 1030 | BCSC | 2012-07-12	Sivia v. British Columbia (Superintendent of Motor Vehicles), | 2012 BCSC 515 | BCSC | 2012-04-11
exact/aware/none	canlii-title	known record's A2AJ name is a variant (typo, punctuation, abbreviation, given name)	van Gogh v. Goldberg	2012 BCSC 455	BCSC	2012	van Gogh v. Goldberg | 2012 BCSC 1435 | BCSC | 2012-09-28	van Gogh v. Goldberg, | 2012 BCSC 455 | BCSC | 2012-03-29
exact/aware/none	canlii-title	known record's A2AJ name is a variant (typo, punctuation, abbreviation, given name)	Pearson v. Peninsula Consumer Services Cooperative	2012 BCSC 1725	BCSC	2012	Pearson v. Peninsula Consumer Services Cooperative | 2012 BCSC 2201 | BCSC | 2012-03-28	Pearson v.Peninsula Consumer Services Cooperative | 2012 BCSC 1725 | BCSC | 2012-01-15
exact/aware/none	canlii-title	known record's A2AJ name is a variant (typo, punctuation, abbreviation, given name)	Arbutus Software Inc. v. ACL Services Ltd.	2012 BCSC 107	BCSC	2012	Arbutus Software Inc. v. ACL Services Ltd. | 2012 BCSC 1834 | BCSC | 2012-12-05	Arbutus Software Inc. | 2012 BCSC 107 | BCSC | 2012-01-25
exact/aware/none	canlii-title	A2AJ decision date in another year than the citation	James (Re)	2013 BCSC 3	BCSC	2013	James (Re) | 2013 BCSC 566 | BCSC | 2013-04-03	James (Re) | 2013 BCSC 3 | BCSC | 2012-01-03
exact/aware/none	canlii-title	known record's A2AJ name is a variant (typo, punctuation, abbreviation, given name)	Vancouver City Savings Credit Union v. Randhawa	2011 BCSC 1517	BCSC	2011	Vancouver City Savings Credit Union v. Randhawa | 2011 BCSC 1308 | BCSC | 2011-10-04	Vancouver City Savings Credit Union v. Randhawa, | 2011 BCSC 1517 | BCSC | 2011-11-08
exact/aware/none	canlii-title	known record's A2AJ name is a variant (typo, punctuation, abbreviation, given name)	C.D.G. v. D.J.P.	2011 BCSC 1785	BCSC	2011	C.D.G. v. D.J.P. | 2011 BCSC 196 | BCSC | 2011-02-17	C.D.G. v. D.J.P., | 2011 BCSC 1785 | BCSC | 2011-11-01
exact/aware/none	canlii-title	known record's A2AJ name is a variant (typo, punctuation, abbreviation, given name)	Emergency Health Services Commission v. Cassidy	2011 BCSC 1555	BCSC	2011	Emergency Health Services Commission v. Cassidy | 2011 BCSC 1003 | BCSC | 2011-07-14	Emergency Health Services Commission v. Cassidy, | 2011 BCSC 1555 | BCSC | 2011-10-27
exact/aware/none	canlii-title	known record's A2AJ name is a different style (other party, other title)	Soczynski v. Cai	2011 BCSC 1258	BCSC	2011	Soczynski v. Cai | 2011 BCSC 1299 | BCSC | 2011-09-30	Soczynski v. Cain | 2011 BCSC 1258 | BCSC | 2011-09-21
exact/aware/none	canlii-title	known record's A2AJ name is a variant (typo, punctuation, abbreviation, given name)	Gatzke v. Sidhu	2011 BCSC 1214	BCSC	2011	Gatzke v. Sidhu | 2011 BCSC 988 | BCSC | 2011-06-17	Gatzke v. Sidhu, | 2011 BCSC 1214 | BCSC | 2011-09-09
exact/aware/none	canlii-title	known record's A2AJ name is a variant (typo, punctuation, abbreviation, given name)	C.D.G. v. D.J.P.	2011 BCSC 1438	BCSC	2011	C.D.G. v. D.J.P. | 2011 BCSC 196 | BCSC | 2011-02-17	C.D.G. v. D.J.P., | 2011 BCSC 1438 | BCSC | 2011-07-21
exact/aware/none	canlii-title	known record's A2AJ name is a variant (typo, punctuation, abbreviation, given name)	Young v. Young	2011 BCSC 887	BCSC	2011	Young v. Young | 2011 BCSC 1712 | BCSC | 2011-12-14	Young v. Young, | 2011 BCSC 887 | BCSC | 2011-07-05
exact/aware/none	canlii-title	known record's A2AJ name is a variant (typo, punctuation, abbreviation, given name)	Mueller v. Hussin	2011 BCSC 530	BCSC	2011	Mueller v. Hussin | 2011 BCSC 167 | BCSC | 2011-02-10	Mueller v. Hussin, | 2011 BCSC 530 | BCSC | 2011-04-28
exact/aware/none	canlii-title	known record's A2AJ name is a variant (typo, punctuation, abbreviation, given name)	Epoch Press Inc. v. Sewak	2011 BCSC 323	BCSC	2011	Epoch Press Inc. v. Sewak | 2011 BCSC 699 | BCSC | 2011-02-02	Epoch Press Inc. v. Sewak, | 2011 BCSC 323 | BCSC | 2011-03-16
exact/aware/none	canlii-title	known record's A2AJ name is a different style (other party, other title)	R. v. Camacho	2011 BCSC 175	BCSC	2011	R. v. Camacho | 2011 BCSC 1813 | BCSC | 2011-05-20	R. v. Comacho | 2011 BCSC 175 | BCSC | 2011-02-10
exact/aware/none	canlii-title	known record's A2AJ name is a variant (typo, punctuation, abbreviation, given name)	R. v. A.D.	2010 BCSC 1780	BCSC	2010	R. v. A.D. | 2010 BCSC 1715 | BCSC | 2010-12-02	R. v. A.D., | 2010 BCSC 1780 | BCSC | 2010-12-09
exact/aware/none	canlii-title	known record's A2AJ name is a variant (typo, punctuation, abbreviation, given name)	Warkentin v. Riggs	2010 BCSC 1706	BCSC	2010	Warkentin v. Riggs | 2010 BCSC 272 | BCSC | 2010-03-03	Warkentin v. Riggs, | 2010 BCSC 1706 | BCSC | 2010-12-01
exact/aware/none	canlii-title	known record's A2AJ name is a variant (typo, punctuation, abbreviation, given name)	R. v. James	2010 BCSC 1529	BCSC	2010	R. v. James | 2010 BCSC 1891 | BCSC | 2010-05-05	R. v. James, | 2010 BCSC 1529 | BCSC | 2010-10-29
exact/aware/none	canlii-title	known record's A2AJ name is a variant (typo, punctuation, abbreviation, given name)	Hejzlar v. Mitchell-Hejzlar	2010 BCSC 1000	BCSC	2010	Hejzlar v. Mitchell-Hejzlar | 2010 BCSC 1139 | BCSC | 2010-08-13	Hejzlar v. Hejzlar-Mitchell | 2010 BCSC 1000 | BCSC | 2010-07-19
exact/aware/none	canlii-title	known record's A2AJ name is a variant (typo, punctuation, abbreviation, given name)	R. v. Billyard	2010 BCSC 901	BCSC	2010	R. v. Billyard | 2010 BCSC 284 | BCSC | 2010-01-05	R. v. Billyard, | 2010 BCSC 901 | BCSC | 2010-06-11
exact/aware/none	canlii-title	known record's A2AJ name is a different style (other party, other title)	Liebrecht v. Lieder	2010 BCSC 549	BCSC	2010	Liebrecht v. Lieder | 2010 BCSC 1548 | BCSC | 2010-10-02	Liebrecht v. Leider | 2010 BCSC 549 | BCSC | 2010-04-23
exact/aware/none	canlii-title	known record's A2AJ name is a variant (typo, punctuation, abbreviation, given name)	Horizon FX Investments Incorporated (Re)	2010 BCSC 416	BCSC	2010	Horizon FX Investments Incorporated (Re) | 2010 BCSC 913 | BCSC | 2010-06-29	Horizon FX Investments Incorporated (Re)., | 2010 BCSC 416 | BCSC | 2010-03-30
exact/aware/none	canlii-title	known record's A2AJ name is a variant (typo, punctuation, abbreviation, given name)	Piper v. Mitsubishi Heavy Industries Ltd.	2009 BCSC 1363	BCSC	2009	Piper v. Mitsubishi Heavy Industries Ltd. | 2009 BCSC 1038 | BCSC | 2009-07-17	Piper v. Mitsubishi Heavy Industries, Ltd. | 2009 BCSC 1363 | BCSC | 2009-10-05
exact/aware/none	canlii-title	known record's A2AJ name is a variant (typo, punctuation, abbreviation, given name)	TimberWest Forest Corp. v. Campbell River (City)	2009 BCSC 1862	BCSC	2009	TimberWest Forest Corp. v. Campbell River (City) | 2009 BCSC 1804 | BCSC | 2009-12-31	Timberwest Forest Corp. v. Campbell River (City) | 2009 BCSC 1862 | BCSC | 2009-06-29
exact/aware/none	canlii-title	known record's A2AJ name is a variant (typo, punctuation, abbreviation, given name)	McDonald v. Queen of the North (Ship)	2009 BCSC 646	BCSC	2009	McDonald v. Queen of the North (Ship) | 2009 BCSC 1129 | BCSC | 2009-08-19	McDonald v. Queen of the North (Ship), | 2009 BCSC 646 | BCSC | 2009-05-14
exact/aware/none	canlii-title	known record's A2AJ name is a variant (typo, punctuation, abbreviation, given name)	R. v. Newman	2009 BCSC 522	BCSC	2009	R. v. Newman | 2009 BCSC 93 | BCSC | 2009-01-30	Regina v. Newman | 2009 BCSC 522 | BCSC | 2009-04-17
exact/aware/none	canlii-title	known record's A2AJ name is a different style (other party, other title)	Henri v. Seo	2009 BCSC 76	BCSC	2009	Henri v. Seo | 2009 BCSC 845 | BCSC | 2009-06-25	Henri v. Seto | 2009 BCSC 76 | BCSC | 2009-01-29
exact/aware/none	canlii-title	known record's A2AJ name is a different style (other party, other title)	Bankruptcy of Calogheros	2008 BCSC 1695	BCSC	2008	Bankruptcy of Calogheros | 2008 BCSC 1578 | BCSC | 2008-11-17	Bankruptcy of Calogheeros | 2008 BCSC 1695 | BCSC | 2008-12-08
exact/aware/none	canlii-title	known record's A2AJ name is a different style (other party, other title)	R. v. Unnamed Respondents	2008 BCSC 1491	BCSC	2008	R. v. Unnamed Respondents | 2008 BCSC 815 | BCSC | 2008-06-23	R. v. Unnamed Respondent | 2008 BCSC 1491 | BCSC | 2008-11-03
exact/aware/none	canlii-title	known record's A2AJ name is a variant (typo, punctuation, abbreviation, given name)	R. v. Tommy	2008 BCSC 1845	BCSC	2008	R. v. Tommy | 2008 BCSC 1095 | BCSC | 2008-08-14	R. v. Tommy, | 2008 BCSC 1845 | BCSC | 2008-07-07
exact/aware/none	canlii-title	known record's A2AJ name is a different style (other party, other title)	R. v. Noble	2008 BCSC 215	BCSC	2008	R. v. Noble | 2008 BCSC 216 | BCSC | 2008-02-04	R. v. Fawcett | 2008 BCSC 215 | BCSC | 2008-02-04
exact/aware/none	canlii-title	known record filed under another A2AJ dataset	Hann v. Oldroyd	2007 BCSC 1280	BCSC	2007	Hann v. Oldroyd | 2007 BCSC 866 | BCSC | 2007-06-15	Hann v. Oldroyd | 2007 BCSC 1280 | BCCA | 2007-08-23
exact/aware/none	canlii-title	known record's A2AJ name is a variant (typo, punctuation, abbreviation, given name)	Astels v. The Canada Life Assurance Company	2006 BCSC 2099	BCSC	2006	Astels v. The Canada Life Assurance Company | 2006 BCSC 941 | BCSC | 2006-06-20	Astels v. The Canada life Assurance Company | 2006 BCSC 2099 | BCSC | 2006-09-13
exact/aware/none	canlii-title	known record's A2AJ name is a different style (other party, other title)	R. v. M.L.M.	2005 BCSC 554	BCSC	2005	R. v. M.L.M. | 2005 BCSC 385 | BCSC | 2005-03-18	R. v. McIsaac | 2005 BCSC 554 | BCSC | 2005-04-13
exact/aware/none	canlii-title	known record's A2AJ name is a different style (other party, other title)	J.L.G. v. A.W.W. et al.	2004 BCSC 1123	BCSC	2004	J.L.G. v. A.W.W. et al. | 2004 BCSC 1781 | BCSC | 2004-11-17	Griffith v. Winter et al. | 2004 BCSC 1123 | BCSC | 2004-08-25
exact/aware/none	canlii-title	known record's A2AJ name is a different style (other party, other title)	William et al v. HMTQ et al	2004 BCSC 610	BCSC	2004	William et al v. HMTQ et al | 2004 BCSC 549 | BCSC | 2004-04-26	William v. British Columbia | 2004 BCSC 610 | BCSC | 2004-05-06
exact/aware/none	canlii-title	known record's A2AJ name is a different style (other party, other title)	Bankruptcy of Surinder Singh Mann	2003 BCSC 1243	BCSC	2003	Bankruptcy of Surinder Singh Mann | 2003 BCSC 1829 | BCSC | 2003-12-05	Mann (Re) | 2003 BCSC 1243 | BCSC | 2003-08-08
exact/aware/none	canlii-title	known record's A2AJ name is a variant (typo, punctuation, abbreviation, given name)	Glenayre Manufacturing Ltd. v. Pilot Pacific Properties Inc.	2003 BCSC 1076	BCSC	2003	Glenayre Manufacturing Ltd. v Pilot Pacific Properties Inc. | 2003 BCSC 680 | BCSC | 2003-04-30	Glenayre Manufacturing Ltd. v.Pilot Pacific Properties Inc. | 2003 BCSC 1076 | BCSC | 2003-07-08
exact/aware/none	canlii-title	known record's A2AJ name is a different style (other party, other title)	R. v. Stubinski	2002 BCSC 614	BCSC	2002	R. v. Stubinski | 2002 BCSC 612 | BCSC | 2002-04-02	R. v.Stubinski | 2002 BCSC 614 | BCSC | 2002-04-09
exact/aware/none	canlii-title	known record's A2AJ name is a different style (other party, other title)	R. v. Stubinski	2002 BCSC 613	BCSC	2002	R. v. Stubinski | 2002 BCSC 612 | BCSC | 2002-04-02	R. v.Stubinski | 2002 BCSC 613 | BCSC | 2002-04-09
exact/aware/none	canlii-title	known record's A2AJ name is a different style (other party, other title)	Grant v. Grant	2001 BCSC 1888	BCSC	2001	Grant v. Grant | 2001 BCSC 1289 | BCSC | 2001-09-12	Grant v. Grant Date: 20010824 | 2001 BCSC 1888 | BCSC | 2001-08-24
exact/aware/none	canlii-title	known record's A2AJ name is a variant (typo, punctuation, abbreviation, given name)	Nelson v. Nelson	2000 BCSC 1402	BCSC	2000	Nelson v. Nelson | 2000 BCSC 1276 | BCSC | 2000-08-25	Nelson v.Nelson | 2000 BCSC 1402 | BCSC | 2000-09-22
exact/aware/none	canlii-title	known record's A2AJ name is a variant (typo, punctuation, abbreviation, given name)	Carlock v. ExxonMobil Canada Holdings ULC	2020 YKCA 4	YKCA	2020	Carlock v. ExxonMobil Canada Holdings ULC | 2020 YKCA 9 | YKCA | 2020-04-30	Carlock v. ExxonMobile Canada Holdings ULC | 2020 YKCA 4 | YKCA | 2020-02-07
exact/aware/none	canlii-title	A2AJ decision date in another year than the citation	R v. Nicholson	2024 NSSC 413	NSSC	2024	R v. Nicholson | 2024 NSSC 412 | NSSC | 2024-11-22	R v. Nicholson | 2024 NSSC 413 | NSSC | 2025-02-14
exact/aware/none	canlii-title	A2AJ decision date in another year than the citation	R. v. W.F.	2023 NSSC 281	NSSC	2023	R. v. W.F. | 2023 NSSC 282 | NSSC | 2023-07-07	R. v. W.F. | 2023 NSSC 281 | NSSC | 2022-09-20
exact/aware/none	canlii-title	A2AJ decision date in another year than the citation	R. v. W.F.	2023 NSSC 280	NSSC	2023	R. v. W.F. | 2023 NSSC 282 | NSSC | 2023-07-07	R. v. W.F. | 2023 NSSC 280 | NSSC | 2022-04-08
exact/aware/none	canlii-title	A2AJ decision date in another year than the citation	R. v. W.F.	2023 NSSC 279	NSSC	2023	R. v. W.F. | 2023 NSSC 282 | NSSC | 2023-07-07	R. v. W.F. | 2023 NSSC 279 | NSSC | 2022-03-22
exact/aware/none	canlii-title	A2AJ decision date in another year than the citation	R. v. W.F.	2023 NSSC 277	NSSC	2023	R. v. W.F. | 2023 NSSC 282 | NSSC | 2023-07-07	R. v. W.F. | 2023 NSSC 277 | NSSC | 2021-08-17
exact/aware/none	canlii-title	A2AJ decision date in another year than the citation	R. v. W.F.	2023 NSSC 278	NSSC	2023	R. v. W.F. | 2023 NSSC 282 | NSSC | 2023-07-07	R. v. W.F. | 2023 NSSC 278 | NSSC | 2021-08-17
exact/aware/none	canlii-title	A2AJ decision date in another year than the citation	R. v. W.F.	2023 NSSC 276	NSSC	2023	R. v. W.F. | 2023 NSSC 282 | NSSC | 2023-07-07	R. v. W.F. | 2023 NSSC 276 | NSSC | 2021-06-21
exact/aware/none	canlii-title	A2AJ decision date in another year than the citation	R. v. W.F.	2023 NSSC 275	NSSC	2023	R. v. W.F. | 2023 NSSC 282 | NSSC | 2023-07-07	R. v. W.F. | 2023 NSSC 275 | NSSC | 2020-12-02
exact/aware/none	canlii-title	known record's A2AJ name is a variant (typo, punctuation, abbreviation, given name)	Barnhart v. Hawes	2017 NSSC 56	NSSC	2017	Barnhart v. Hawes | 2017 NSSC 249 | NSSC | 2017-09-21	Hawes v. Barnhart | 2017 NSSC 56 | NSSC | 2017-03-10
exact/aware/none	canlii-title	known record's A2AJ name is a variant (typo, punctuation, abbreviation, given name)	Nova Scotia (Community Services) v. Birth Registration # 2016-02-002781	2017 NSSC 27	NSSC	2017	Nova Scotia (Community Services) v. Birth Registration # 2016-02-002781 | 2017 NSSC 95 | NSSC | 2017-03-29	Nova Scotia (Community Services) v. Birth Registration #2016-02-002781 | 2017 NSSC 27 | NSSC | 2017-02-02
exact/aware/none	canlii-title	A2AJ decision date in another year than the citation	Bridgewater (Town) v. South Shore Regional School Board	2017 NSSC 25	NSSC	2017	Bridgewater (Town) v. South Shore Regional School Board | 2017 NSSC 73 | NSSC | 2017-03-20	Bridgewater (Town) v. South Shore Regional School Board | 2017 NSSC 25 | NSSC | 2016-12-20
exact/aware/none	canlii-title	known record's A2AJ name is a different style (other party, other title)	McInnis v. Stone	2016 NSSC 212	NSSC	2016	McInnis v. Stone | 2016 NSSC 69 | NSSC | 2016-03-04	McInnis v. Slone | 2016 NSSC 212 | NSSC | 2016-08-12
exact/aware/none	canlii-title	known record's A2AJ name is a variant (typo, punctuation, abbreviation, given name)	MacNutt v. Acadia University	2016 NSSC 160	NSSC	2016	MacNutt v. Acadia University | 2016 NSSC 208 | NSSC | 2016-08-09	MacNutt v. Acaida University | 2016 NSSC 160 | NSSC | 2016-06-21
exact/aware/none	canlii-title	known record's A2AJ name is a different style (other party, other title)	Sweetland v. GlaxoSmithKline Inc.	2016 NSSC 139	NSSC	2016	Sweetland v. GlaxoSmithKline Inc. | 2016 NSSC 18 | NSSC | 2016-01-15	M.H.B. v. A.B. | 2016 NSSC 139 | NSSC | 2016-05-24
exact/aware/none	canlii-title	known record's A2AJ name is a variant (typo, punctuation, abbreviation, given name)	Nova Scotia (Community Services) v J.M.	2016 NSSC 80	NSSC	2016	Nova Scotia (Community Services) v. J.M. | 2016 NSSC 22 | NSSC | 2016-01-08	Nova Scotia (Community Services) v. L.M. | 2016 NSSC 80 | NSSC | 2016-04-01
exact/aware/none	canlii-title	known record's A2AJ name is a variant (typo, punctuation, abbreviation, given name)	Veno v.  Ensor Estate	2013 NSSC 335	NSSC	2013	Veno v. Ensor Estate | 2013 NSSC 377 | NSSC | 2013-11-22	Veno v. Esnor Estate | 2013 NSSC 335 | NSSC | 2013-10-18
exact/aware/none	canlii-title	known record's A2AJ name is a different style (other party, other title)	R. v. Eisnor	2013 NSSC 241	NSSC	2013	R. v. Eisnor | 2013 NSSC 263 | NSSC | 2013-08-16	R. v. Eisner | 2013 NSSC 241 | NSSC | 2013-07-05
exact/aware/none	canlii-title	known record's A2AJ name is a variant (typo, punctuation, abbreviation, given name)	3209292 Nova Scotia Ltd. v. MacDuff	2011 NSSC 483	NSSC	2011	3209292 Nova Scotia Ltd. v. MacDuff | 2011 NSSC 363 | NSSC | 2011-10-07	320292 Nova Scotia Ltd. v. MacDuff | 2011 NSSC 483 | NSSC | 2011-12-22
exact/aware/none	canlii-title	known record's A2AJ name is a variant (typo, punctuation, abbreviation, given name)	Bradley v. Canada (Correctional Service)	2011 NSSC 463	NSSC	2011	Bradley v. Canada (Correctional Service) | 2011 NSSC 503 | NSSC | 2011-12-15	Bradley v. Canada (Correctional Services) | 2011 NSSC 463 | NSSC | 2011-12-06
exact/aware/none	canlii-title	known record's A2AJ name is a variant (typo, punctuation, abbreviation, given name)	Leigh v. Belfast Mini-Mills	2011 NSSC 303	NSSC	2011	Leigh v. Belfast Mini-Mills | 2011 NSSC 300 | NSSC | 2011-07-20	Leigh v. Belfast Mini-Mills Ltd. | 2011 NSSC 303 | NSSC | 2011-07-25
exact/aware/none	canlii-title	known record's A2AJ name is a different style (other party, other title)	M.M. v. R.M.	2011 NSSC 138	NSSC	2011	M.M. v. R.M. | 2011 NSSC 224 | NSSC | 2011-06-07	Marchand v. Marchand | 2011 NSSC 138 | NSSC | 2011-04-07
exact/aware/none	canlii-title	known record's A2AJ name is a variant (typo, punctuation, abbreviation, given name)	Geophysical Service Inc. v. Sable Mary Seismic Inc.	2011 NSSC 67	NSSC	2011	Geophysical Service Inc. v. Sable Mary Seismic Inc. | 2011 NSSC 71 | NSSC | 2011-02-16	Geophysical Services Inc. v. Sable Mary Seismic Inc. | 2011 NSSC 67 | NSSC | 2011-02-15
exact/aware/none	canlii-title	known record's A2AJ name is a variant (typo, punctuation, abbreviation, given name)	Lawton’s Drug Stores Ltd. v. Zinck	2009 NSSC 243	NSSC	2009	Lawton's Drug Stores Ltd. v. Zinck | 2009 NSSC 208 | NSSC | 2009-05-29	Lawton's Drug Stores v. Zinck | 2009 NSSC 243 | NSSC | 2009-08-13
exact/aware/none	canlii-title	known record's A2AJ name is a variant (typo, punctuation, abbreviation, given name)	Sensor Technology Ltd. v. Geospectrum Technologies Inc.	2009 NSSC 213	NSSC	2009	Sensor Technology Ltd. v. Geospectrum Technologies Inc. | 2009 NSSC 13 | NSSC | 2009-01-14	Sensor Technologies Ltd. v. Geospectrum Technologies Inc. | 2009 NSSC 213 | NSSC | 2009-07-03
exact/aware/none	canlii-title	known record's A2AJ name is a variant (typo, punctuation, abbreviation, given name)	L&B Electric Ltd. v. Oickle	2005 NSSC 225	NSSC	2005	L&B Electric Ltd. v. Oickle | 2005 NSSC 110 | NSSC | 2005-05-10	L & B Electric Ltd. v. Oickle | 2005 NSSC 225 | NSSC | 2005-08-12
exact/aware/none	canlii-title	known record's A2AJ name is a variant (typo, punctuation, abbreviation, given name)	Banco De Inversion Y Comercio Exterior S.A. v. Bank of Nova Scotia	2005 NSSC 109	NSSC	2005	Banco De Inversion Y Comercio Exterior S.A. .v. Bank of Nova Scotia | 2005 NSSC 169 | NSSC | 2005-06-22	Banco De Inversion Y Comercia Exterior S.A. v. Bank of Nova Scotia | 2005 NSSC 109 | NSSC | 2005-05-06
exact/aware/none	canlii-title	known record's A2AJ name is a different style (other party, other title)	R. v. Clarke	2005 NSSC 123	NSSC	2005	R. v. Clarke | 2005 NSSC 247 | NSSC | 2005-07-21	R. v. N.E.C. | 2005 NSSC 123 | NSSC | 2005-04-29
exact/aware/none	canlii-title	known record's A2AJ name is a different style (other party, other title)	Little v. Chignecto	2004 NSSC 204	NSSC	2004	Little v. Chignecto | 2004 NSSC 265 | NSSC | 2004-12-16	Little v. Chignecto Central Regional School Board | 2004 NSSC 204 | NSSC | 2004-10-12
exact/aware/none	canlii-title	A2AJ decision date in another year than the citation	Wentzell v. Wentzell	2004 NSSC 48	NSSC	2004	Wentzell v. Wentzell | 2004 NSSC 107 | NSSC | 2004-06-02	Wentzell v. Wentzell | 2004 NSSC 48 | NSSC | 2003-06-04
exact/aware/none	canlii-title	A2AJ decision date in another year than the citation	MacDonald v. MacDonald	2003 NSSC 8	NSSC	2003	MacDonald v. MacDonald | 2003 NSSF 8 | NSSC | 2003-02-24	MacDonald v. MacDonald | 2003 NSSC 8 | NSSC | 2002-01-15
exact/aware/none	canlii-title	A2AJ decision date in another year than the citation	R. v. Dann	2002 NSSC 37	NSSC	2002	R. v. Dann | 2002 NSSC 237 | NSSC | 2002-10-25	R. v. Dann | 2002 NSSC 37 | NSSC | 2001-10-30
exact/aware/none	canlii-title	known record's A2AJ name is a different style (other party, other title)	Berbaum Estate v. Silver	2001 NSSC 55	NSSC	2001	Berbaum Estate v. Silver | 2001 NSSC 36 | NSSC | 2001-02-14	Blynn v. Silver | 2001 NSSC 55 | NSSC | 2001-04-04
exact/aware/none	canlii-title	known record's A2AJ name is a different style (other party, other title)	Ross v. Vintage Stove & Fireplace Ltd.	2015 NSSM 21	NSSM	2015	Ross v. Vintage Stove & Fireplace Ltd | 2015 NSSM 28 | NSSM | 2015-06-29	Wawanesa Mutual Insurance Company v. Moulton | 2015 NSSM 21 | NSSM | 2015-05-05
exact/aware/none	canlii-title	known record's A2AJ name is a different style (other party, other title)	McInnes Cooper v. Slaunwhite	2004 NSSM 32	NSSM	2004	McInnes Cooper v. Slaunwhite | 2004 NSSM 3 | NSSM | 2004-03-05	Clarke v. Our Neighbourhood Living Society | 2004 NSSM 32 | NSSM | 2004-04-30
exact/aware/none	canlii-title	known record's A2AJ name is a variant (typo, punctuation, abbreviation, given name)	Canada v. Boloh 1(A)	2023 FCA 120	FCA	2023	Canada v. Boloh 1(A) | 2023 FCA 60 / 2023 CAF 60 | FCA | 2023-03-14	Canada v. Boloh 1(a) | 2023 FCA 120 / 2023 CAF 120 | FCA | 2023-05-31
exact/aware/none	canlii-title	known record's A2AJ name is a variant (typo, punctuation, abbreviation, given name)	Public Service Alliance of Canada v. Canada (Attorney General)	2015 FCA 273	FCA	2015	Public Service Alliance of Canada v. Canada (Attorney General) | 2015 FCA 174 / 2015 CAF 174 | FCA | 2015-07-28	Canada (Attorney General) v. Public Service Alliance of Canada | 2015 FCA 273 / 2015 CAF 273 | FCA | 2015-11-30
exact/aware/none	canlii-title	known record's A2AJ name is a variant (typo, punctuation, abbreviation, given name)	Apotex Inc. v. Sanofi-Aventis	2013 FCA 186	FCA	2013	Apotex Inc. v. Sanofi-Aventis | 2013 FCA 187 / 2013 CAF 187 | FCA | 2013-07-24	Sanofi-Aventis v. Apotex Inc. | 2013 FCA 186 / 2013 CAF 186 | FCA | 2013-07-24
exact/aware/none	canlii-title	known record's A2AJ name is a variant (typo, punctuation, abbreviation, given name)	Toronto-Dominion Bank v. Canada	2010 FCA 174	FCA	2010	Toronto-Dominion Bank v. Canada | 2010 FCA 73 / 2010 CAF 73 | FCA | 2010-03-10	Toronto Dominion Bank v. Canada | 2010 FCA 174 / 2010 CAF 174 | FCA | 2010-06-30
exact/aware/none	canlii-title	known record's A2AJ name is a variant (typo, punctuation, abbreviation, given name)	CHC Global Operations v. Global Helicopter Pilots Association	2008 FCA 344	FCA	2008	CHC Global Operations v. Global Helicopter Pilots Association | 2008 FCA 345 / 2008 CAF 345 | FCA | 2008-11-04	Chc Global Operations v. Global Helicopter Pilots Association | 2008 FCA 344 / 2008 CAF 344 | FCA | 2008-11-04
exact/aware/none	canlii-title	known record's A2AJ name is a variant (typo, punctuation, abbreviation, given name)	Unilin Beheer B.V. v. 6035558 Canada Inc.	2025 FC 552	FC	2025	Unilin Beheer B.V. v. 6035558 Canada Inc. | 2025 FC 1949 | FC | 2025-10-08	Beheer B.V. v. 6035558 Canada Inc. | 2025 FC 552 | FC | 2025-03-25
exact/aware/none	canlii-title	known record's A2AJ name is a variant (typo, punctuation, abbreviation, given name)	Bell Media Inc. v. Marshall Macciacchera (Smoothstreams.tv)	2025 FC 461	FC	2025	Bell Media Inc. v. Marshall Macciacchera (Smoothstreams.tv) | 2025 FC 1378 / 2025 CF 1378 | FC | 2025-08-15	Bell Media Inc. v. Marshall Macciacchera | 2025 FC 461 | FC | 2025-03-13
exact/aware/none	canlii-title	known record's A2AJ name is a variant (typo, punctuation, abbreviation, given name)	South Shore Trading Co. Ltd. v. Canada (Fisheries, Oceans and Coast Guard)	2025 FC 174	FC	2025	South Shore Trading Co. Ltd. v. Canada (Fisheries, Oceans and Coast Guard) | 2025 FC 322 | FC | 2025-02-19	South Shore Trading Co. Ltd. v. Canada (Fisheries and Oceans) | 2025 FC 174 / 2025 CF 174 | FC | 2025-01-28
exact/aware/none	canlii-title	known record's A2AJ name is a variant (typo, punctuation, abbreviation, given name)	Izz v. Canada (Attorney General)	2025 FC 31	FC	2025	Izz v. Canada (Attorney General) | 2025 FC 1007 | FC | 2025-06-04	Izz v. Canada (the Attorney General) | 2025 FC 31 | FC | 2025-01-06
exact/aware/none	canlii-title	known record's A2AJ name is a different style (other party, other title)	Sea Tow Services International, Inc. v. C-Tow Marine Assistance Ltd.	2025 FC 27	FC	2025	Sea Tow Services International, Inc. v. C-Tow Marine Assistance Ltd. | 2025 FC 335 | FC | 2025-02-20	Sea Two v C-Town | 2025 FC 27 / 2025 CF 27 | FC | 2025-01-06
exact/aware/none	canlii-title	known record's A2AJ name is a different style (other party, other title)	A.B. v. Canada	2025 FC 16	FC	2025	A.B. v. Canada | 2025 FC 282 / 2025 CF 282 | FC | 2025-02-13	Robillard v. Canada | 2025 FC 16 / 2025 CF 16 | FC | 2025-01-03
exact/aware/none	canlii-title	known record's A2AJ name is a variant (typo, punctuation, abbreviation, given name)	Remitbee Incorporated v. Remitly, Inc.	2024 FC 2028	FC	2024	Remitbee Incorporated v. Remitly, Inc. | 2024 FC 1211 / 2024 CF 1211 | FC | 2024-07-30	Remitbee Incorporated v. Remitly Inc. | 2024 FC 2028 | FC | 2024-12-20
exact/aware/none	canlii-title	known record's A2AJ name is a variant (typo, punctuation, abbreviation, given name)	Armour Transport Inc v. 2098763 Alberta Ltd. (Armour Trucking of Edmonton)	2024 FC 2017	FC	2024	Armour Transport Inc. v. 2098763 Alberta Ltd. (Armour Trucking of Edmonton) | 2024 FC 2006 | FC | 2024-12-11	Armour Transport Inc v. 2098763 Alberta Ltd | 2024 FC 2017 | FC | 2024-12-11
exact/aware/none	canlii-title	known record's A2AJ name is a different style (other party, other title)	Canadian Security Intelligence Service Act (CA) (Re)	2024 FC 1689	FC	2024	Canadian Security Intelligence Service Act (CA) (Re) | 2022 FC 645 / 2022 CF 645 | FC | 2024-06-13	In the matter of an application by [_..._] for warrants pursuant to Section 16 and 21 of the Canadian Security Intelligence Service Act | 2024 FC 1689 / 2024 CF 1689 | FC | 2024-10-24
exact/aware/none	canlii-title	known record's A2AJ name is a different style (other party, other title)	Pelletier v. Canada (Attorney General)	2024 FC 1669	FC	2024	Pelletier v. Canada (Attorney General) | 2024 FC 506 / 2024 CF 506 | FC | 2024-04-02	Pelletier v. Veterans Review | 2024 FC 1669 | FC | 2024-10-22
exact/aware/none	canlii-title	known record's A2AJ name is a variant (typo, punctuation, abbreviation, given name)	Pass Herald Ltd. v. Google LLC	2024 FC 1623	FC	2024	Pass Herald Ltd. v. Google LLC | 2024 FC 305 | FC | 2024-02-23	Pass Herald Ltd v. Google Llc | 2024 FC 1623 | FC | 2024-10-11
exact/aware/none	canlii-title	known record's A2AJ name is a different style (other party, other title)	Brass v. Key First Nation	2024 FC 1074	FC	2024	Brass v. Key First Nation | 2024 FC 1226 / 2024 CF 1226 | FC | 2024-08-06	Brass v. Clinton KEY | 2024 FC 1074 / 2024 CF 1074 | FC | 2024-07-09
exact/aware/none	canlii-title	known record's A2AJ name is a variant (typo, punctuation, abbreviation, given name)	Canada (Public Safety and Emergency Preparedness) v. Dos Santos Freitas	2024 FC 973	FC	2024	Canada (Public Safety and Emergency Preparedness) v. Dos Santos Freitas | 2024 FC 608 / 2024 CF 608 | FC | 2024-04-22	Canada (Public Safety and Emergency Preparedness) v. Freitas | 2024 FC 973 / 2024 CF 973 | FC | 2024-06-24
exact/aware/none	canlii-title	known record named in French only	Lill v. Canada (Attorney General)	2024 FC 663	FC	2024	Lill v. Canada (Attorney General) | 2024 FC 664 / 2024 CF 664 | FC | 2024-05-01	Lill c. Canada (Procureur Général) | 2024 CF 663 | FC | 2024-05-01
exact/aware/none	canlii-title	known record's A2AJ name is a variant (typo, punctuation, abbreviation, given name)	Brass v. Key First Nation	2024 FC 304	FC	2024	Brass v. Key First Nation | 2024 FC 1226 / 2024 CF 1226 | FC | 2024-08-06	Brass v. Key | 2024 FC 304 | FC | 2024-02-26
exact/aware/none	canlii-title	known record's A2AJ name is a variant (typo, punctuation, abbreviation, given name)	Uddin v. Canada (Citizenship and Immigration)	2024 FC 295	FC	2024	Uddin v. Canada (Citizenship and Immigration) | 2024 FC 1190 / 2024 CF 1190 | FC | 2024-07-26	Fareed v. Canada (Citizenship and Immigration) | 2024 FC 295 | FC | 2024-02-22
exact/aware/none	canlii-title	known record's A2AJ name is a variant (typo, punctuation, abbreviation, given name)	Western Canada Wilderness Committee v. Canada (Environment and Climate Change)	2024 FC 167	FC	2024	Western Canada Wilderness Committee v. Canada (Environment and Climate Change) | 2024 FC 870 | FC | 2024-06-07	Western Canada Wilderness Committee v. Canada (Environment And Climate Change) | 2024 FC 167 | FC | 2024-02-01
exact/aware/none	canlii-title	known record's A2AJ name is a variant (typo, punctuation, abbreviation, given name)	Singh v. Canada (Immigration, Refugees and Citizenship)	2024 FC 122	FC	2024	Singh v. Canada (Immigration, Refugees and Citizenship) | 2024 FC 1479 / 2024 CF 1479 | FC | 2024-09-19	Singh v. Canada (Citizenship and Immigration) | 2024 FC 122 | FC | 2024-01-25
exact/aware/none	canlii-title	known record named in French only	Lill v. Canada	2023 FC 1364	FC	2023	Lill v. Canada | 2023 FC 752 / 2023 CF 752 | FC | 2023-05-30	Lill c. Canada | 2023 CF 1364 | FC | 2023-10-13
exact/aware/none	canlii-title	known record's A2AJ name is a variant (typo, punctuation, abbreviation, given name)	Vidéotron Ltée v. Technologies Konek Inc.	2023 FC 1162	FC	2023	Vidéotron Ltée v. Technologies Konek Inc. | 2023 FC 1164 / 2023 CF 1164 | FC | 2023-08-29	Vidétron Ltée v. Technologies Konek Inc. | 2023 FC 1162 / 2023 CF 1162 | FC | 2023-08-29
exact/aware/none	canlii-title	known record's A2AJ name is a variant (typo, punctuation, abbreviation, given name)	Canada (Privacy Commissioner) v. Facebook, Inc.	2023 FC 94	FC	2023	Canada (Privacy Commissioner) v. Facebook, Inc. | 2023 FC 533 / 2023 CF 533 | FC | 2023-04-13	Privacy Commissioner of Canada v. Facebook, Inc. | 2023 FC 94 / 2023 CF 94 | FC | 2023-01-19
exact/aware/none	canlii-title	A2AJ decision date in another year than the citation	Ye v. Canada (Citizenship and Immigration)	2022 FC 1767	FC	2022	Ye v. Canada (Citizenship and Immigration) | 2022 FC 28 / 2022 CF 28 | FC | 2022-01-11	Ye v. Canada (Citizenship and Immigration) | 2022 FC 1767 | FC | 2023-01-18
exact/aware/none	canlii-title	known record's A2AJ name is a variant (typo, punctuation, abbreviation, given name)	Dragona Carpet Supplies Mississauga Inc v. Dragona Carpet Supplies Ltd	2022 FC 1200	FC	2022	Dragona Carpet Supplies Mississauga Inc. v. Dragona Carpet Supplies Ltd. | 2022 FC 1042 / 2022 CF 1042 | FC | 2022-07-14	Dragona Carpet Supplies Mississauga inc. v. Dragona Carpet Carpet Supplies Ltd. | 2022 FC 1200 | FC | 2022-08-15
exact/aware/none	canlii-title	known record's A2AJ name is a variant (typo, punctuation, abbreviation, given name)	Yurtsever v. Canada (Citizenship and Immigration)	2020 FC 132	FC	2020	Yurtsever v. Canada (Citizenship and Immigration) | 2020 FC 312 / 2020 CF 312 | FC | 2020-02-28	Braud v. Canada (Citizenship and Immigration) | 2020 FC 132 / 2020 CF 132 | FC | 2020-01-27
exact/aware/none	canlii-title	A2AJ decision date in another year than the citation	Cadostin v. Canada (Attorney General)	2019 FC 831	FC	2019	Cadostin v. Canada (Attorney General) | 2019 FC 1198 / 2019 CF 1198 | FC | 2019-09-23	Cadostin v. Canada (Attorney General) | 2019 FC 831 / 2020 CF 831 | FC | 2020-01-31
exact/aware/none	canlii-title	A2AJ decision date in another year than the citation	Bayer Inc. v. Teva Canada Limited	2019 FC 1370	FC	2019	Bayer Inc. v. Teva Canada Limited | 2019 FC 1039 / 2019 CF 1039 | FC | 2019-08-01	Bayer Inc. v. Teva Canada Limited | 2019 FC 1370 / 2019 CF 1370 | FC | 2016-05-12
exact/aware/none	canlii-title	known record's A2AJ name is a variant (typo, punctuation, abbreviation, given name)	Cameco Corporation v. MCP Altona (The Ship)	2013 FC 1264	FC	2013	Cameco Corporation v. MCP Altona (The Ship) | 2013 FC 23 / 2013 CF 23 | FC | 2013-01-10	Cameco Corporation v. "MCP Altona" (The Ship) | 2013 FC 1264 / 2013 CF 1264 | FC | 2013-12-19
exact/aware/none	canlii-title	known record's A2AJ name is a variant (typo, punctuation, abbreviation, given name)	Cameco Corporation v. MCP Altona (The Ship)	2013 FC 1263	FC	2013	Cameco Corporation v. MCP Altona (The Ship) | 2013 FC 23 / 2013 CF 23 | FC | 2013-01-10	Cameco Corporation v. "MCP Altona" (The Ship) | 2013 FC 1263 / 2013 CF 1263 | FC | 2013-12-19
exact/aware/none	canlii-title	known record's A2AJ name is a variant (typo, punctuation, abbreviation, given name)	Sidhu v. Canada (Citizenship and Immigration)	2012 FC 1533	FC	2012	Sidhu v. Canada (Citizenship and Immigration) | 2012 FC 515 / 2012 CF 515 | FC | 2012-05-03	Singh Sidhu v. Canada (Citizenship and Immigration) | 2012 FC 1533 / 2012 CF 1533 | FC | 2012-12-20
exact/aware/none	canlii-title	known record's A2AJ name is a variant (typo, punctuation, abbreviation, given name)	Jhajj v. Canada (Citizenship and Immigration)	2012 FC 512	FC	2012	Jhajj v. Canada (Citizenship and Immigration) | 2012 FC 588 / 2012 CF 588 | FC | 2012-05-16	Singh Jhajj v. Canada (Citizenship and Immigration) | 2012 FC 512 / 2012 CF 512 | FC | 2012-05-03
exact/aware/none	canlii-title	known record's A2AJ name is a variant (typo, punctuation, abbreviation, given name)	Public Mobile Inc. v. Canada (Attorney General)	2011 FC 130	FC	2011	Public Mobile Inc. v. Canada (Attorney General) | 2011 FC 267 / 2011 CF 267 | FC | 2011-03-07	Public Mobile v. Canada (Attorney General) | 2011 FC 130 / 2011 CF 130 | FC | 2011-02-04
exact/aware/none	canlii-title	known record's A2AJ name is a variant (typo, punctuation, abbreviation, given name)	Khadr v. Canada (Prime Minister)	2010 FC 715	FC	2010	Khadr v. Canada (Prime Minister) | 2010 FC 560 / 2010 CF 560 | FC | 2010-05-20	Khadr v. Canada | 2010 FC 715 / 2010 CF 715 | FC | 2010-07-05
exact/aware/none	canlii-title	known record's A2AJ name is a variant (typo, punctuation, abbreviation, given name)	Ezokola v. Canada (Citizenship and Immigration)	2010 FC 662	FC	2010	Ezokola v. Canada (Citizenship and Immigration) | 2010 FC 725 / 2010 CF 725 | FC | 2010-07-02	Ezokola v. Canada (Citoyenneté et Immigration) | 2010 FC 662 / 2010 CF 662 | FC | 2010-06-17
exact/aware/none	canlii-title	known record's A2AJ name is a variant (typo, punctuation, abbreviation, given name)	Saputo Inc. v. Canada (Attorney General)	2009 FC 1016	FC	2009	Saputo Inc. v. Canada (Attorney General) | 2009 FC 156 / 2009 CF 156 | FC | 2009-02-12	Saputo inc. v. Canada (Attorney General) | 2009 FC 1016 / 2009 CF 1016 | FC | 2009-10-07
exact/aware/none	canlii-title	known record's A2AJ name is a different style (other party, other title)	Canada (Citizenship and Immigration) v. Jaballah	2009 FC 33	FC	2009	Canada (Citizenship and Immigration) v. Jaballah | 2009 FC 645 / 2009 CF 645 | FC | 2009-06-18	Canada (Citizenship and Immigration) v. Canada (Public Safety and Emergency Preparedness) | 2009 FC 33 / 2009 CF 33 | FC | 2009-01-15
exact/aware/none	canlii-title	A2AJ decision date in another year than the citation	Harkat v. Canada (Citizenship and Immigration)	2008 FC 198	FC	2008	Harkat v. Canada (Citizenship and Immigration) | 2008 FC 595 / 2008 CF 595 | FC | 2008-05-14	Harkat v. Canada (Citizenship and Immigration) | 2008 FC 198 / 2008 CF 198 | FC | 2006-02-18
exact/aware/none	canlii-title	A2AJ decision date in another year than the citation	Singh Gill v. Canada (Citizenship and Immigration)	2008 FC 27	FC	2008	Singh Gill v. Canada (Citizenship and Immigration) | 2008 FC 365 / 2008 CF 365 | FC | 2008-03-20	Singh Gill v. Canada (Citizenship and Immigration) | 2008 FC 27 / 2008 CF 27 | FC | 2007-01-08
exact/aware/none	canlii-title	A2AJ decision date in another year than the citation	MacDonald v. Canada (Attorney General)	2007 FC 1277	FC	2007	MacDonald v. Canada (Attorney General) | 2007 FC 809 / 2007 CF 809 | FC | 2007-08-01	MacDonald v. Canada (Attorney General) | 2007 FC 1277 / 2007 CF 1277 | FC | 2008-01-07
exact/aware/none	canlii-title	A2AJ decision date in another year than the citation	Zhu v. Canada (Citizenship and Immigration)	2008 FC 5	FC	2008	Zhu v. Canada (Citizenship and Immigration) | 2008 FC 1066 / 2008 CF 1066 | FC | 2008-09-23	Zhu v. Canada (Citizenship and Immigration) | 2008 FC 5 / 2008 CF 5 | FC | 2007-01-04
exact/aware/none	canlii-title	known record's A2AJ name is a variant (typo, punctuation, abbreviation, given name)	Sing v. Canada (Minister of Citizenship and Immigration)	2006 FC 672	FC	2006	Sing v. Canada (Minister of Citizenship and Immigration) | 2006 FC 473 / 2006 CF 473 | FC | 2006-04-11	Lai v. Canada (Minister of Citizenship and Immigration) | 2006 FC 672 / 2006 CF 672 | FC | 2006-06-01
exact/aware/none	canlii-title	A2AJ decision date in another year than the citation	Contour Optik Inc. v. Viva Canada Inc.	2005 FC 1687	FC	2005	Contour Optik Inc. v. Viva Canada Inc. | 2005 FC 724 / 2005 CF 724 | FC | 2005-05-19	Contour Optik Inc. v. Viva Canada Inc. | 2005 FC 1687 / 2005 CF 1687 | FC | 2006-01-20
exact/aware/none	canlii-title	known record's A2AJ name is a variant (typo, punctuation, abbreviation, given name)	Contreras v. Canada (Minister of Citizenship and Immigration)	2005 FC 1223	FC	2005	Contreras v. Canada (Minister of Citizenship and Immigration) | 2005 FC 708 / 2005 CF 708 | FC | 2005-05-16	Mora Contreras v. Canada (Minister of Citizenship and Immigration) | 2005 FC 1223 / 2005 CF 1223 | FC | 2005-09-08
exact/aware/none	canlii-title	known record's A2AJ name is a variant (typo, punctuation, abbreviation, given name)	Biovail Corporation v. Canada (Minister of National Health and Welfare)	2005 FC 1135	FC	2005	Biovail Corporation v. Canada (Minister of National Health and Welfare) | 2005 FC 1424 / 2005 CF 1424 | FC | 2005-10-19	Biovail Corp. v. Canada (Minister of National Health and Welfare) | 2005 FC 1135 / 2005 CF 1135 | FC | 2005-08-22
exact/aware/none	canlii-title	A2AJ decision date in another year than the citation	Pfizer Canada Inc. v. Apotex Inc.	2003 FC 1428	FC	2003	Pfizer Canada Inc. v. Apotex Inc. | 2003 FCT 40 / 2003 CFPI 40 | FC | 2003-01-17	Pfizer Canada Inc. v. Apotex Inc. | 2003 FC 1428 / 2003 CF 1428 | FC | 2004-01-21
exact/aware/none	canlii-title	known record's A2AJ name is a variant (typo, punctuation, abbreviation, given name)	Beyak v. Deputy Minister of Natural Resources Canada et al.	2009 PSST 35	FPSLREB	2009	Beyak v. Deputy Minister of Natural Resources Canada et al. | 2009 PSST 0007 | FPSLREB | 2009-03-03	Beyak v. The Deputy Minister of Natural Resources Canada | 2009 PSST 0035 / 2009 TDFP 0035 | FPSLREB | 2009-12-18
exact/aware/none	canlii-title	known record named in French only	Beyak v. Deputy Minister of Natural Resources Canada et al.	2009 PSST 34	FPSLREB	2009	Beyak v. Deputy Minister of Natural Resources Canada et al. | 2009 PSST 0007 | FPSLREB | 2009-03-03	Beyak c. le sous-ministre de Ressources naturelles Canada et al. | 2009 PSST 0034 | FPSLREB | 2009-12-18
exact/aware/none	canlii-title	A2AJ decision date in another year than the citation	Hillcore Financial Corporation v. The King	2023 TCC 71	TCC	2023	Hillcore Financial Corporation v. The King | 2023 TCC 144 / 2023 CCI 144 | TCC | 2023-09-28	Hillcore Financial Corporation v. The King | 2023 TCC 71 / 2023 CCI 71 | TCC | 2024-03-22
exact/aware/none	canlii-title	known record's A2AJ name is a different style (other party, other title)	Ahamed v. The King	2023 TCC 17	TCC	2023	Ahamed v. The King | 2023 TCC 177 / 2023 CCI 177 | TCC | 2023-02-06	Canadian Western Trust Company v. The King | 2023 TCC 17 / 2023 CCI 17 | TCC | 2023-02-06
exact/aware/none	canlii-title	A2AJ decision date in another year than the citation	Canadian Imperial Bank of Commerce v. The Queen	2018 TCC 248	TCC	2018	Canadian Imperial Bank of Commerce v. The Queen | 2018 TCC 109 / 2018 CCI 109 | TCC | 2018-07-12	Canadian Imperial Bank of Commerce v. The Queen | 2018 TCC 248 / 2018 CCI 248 | TCC | 2019-11-26
exact/aware/none	canlii-title	A2AJ decision date in another year than the citation	Devon Canada Corporation v. The Queen	2013 TCC 415	TCC	2013	Devon Canada Corporation v. The Queen | 2013 TCC 4 / 2013 CCI 4 | TCC | 2013-01-08	Devon Canada Corporation v. The Queen | 2013 TCC 415 / 2013 CCI 415 | TCC | 2014-03-03
exact/aware/none	canlii-title	A2AJ decision date in another year than the citation	Bekesinski v. The Queen	2014 TCC 35	TCC	2014	Bekesinski v. The Queen | 2014 TCC 245 / 2014 CCI 245 | TCC | 2014-07-28	Bekesinski v. The Queen | 2014 TCC 35 / 2014 CCI 35 | TCC | 2013-11-01
exact/aware/none	canlii-title	A2AJ decision date in another year than the citation	Armstrong v. The Queen	2013 TCC 59	TCC	2013	Armstrong v. The Queen | 2013 TCC 238 / 2013 CCI 238 | TCC | 2013-07-24	Armstrong v. The Queen | 2013 TCC 59 / 2013 CCI 59 | TCC | 2011-10-13
exact/aware/none	canlii-title	A2AJ decision date in another year than the citation	Edgelow v. The Queen	2011 TCC 255	TCC	2011	Edgelow v. The Queen | 2011 TCC 309 | TCC | 2011-06-21	Edgelow v. The Queen | 2011 TCC 255 / 2011 CCI 255 | TCC | 2010-03-01
exact/aware/none	canlii-title	A2AJ decision date in another year than the citation	The Toronto-Dominion Bank v. The Queen	2009 TCC 264	TCC	2009	The Toronto-Dominion Bank v. The Queen | 2009 TCC 564 / 2009 CCI 564 | TCC | 2009-10-09	The Toronto-Dominion Bank v. The Queen | 2009 TCC 264 / 2009 CCI 264 | TCC | 2008-09-18
exact/aware/none	canlii-title	A2AJ decision date in another year than the citation	Savard v. The Queen	2008 TCC 309	TCC	2008	Savard v. The Queen | 2008 TCC 62 / 2008 CCI 62 | TCC | 2008-03-04	Savard v. The Queen | 2008 TCC 309 / 2008 CCI 309 | TCC | 2007-06-13
exact/aware/none	canlii-title	known record named in French only	Beauchamp v. The Queen	2008 TCC 189	TCC	2008	Beauchamp v. The Queen | 2008 TCC 420 / 2008 CCI 420 | TCC | 2008-06-19	Beauchamp c. La Reine | 2008 TCC 189 / 2008 CCI 189 | TCC | 2008-04-14
exact/aware/none	canlii-title	known record's A2AJ name is a variant (typo, punctuation, abbreviation, given name)	Despot v. The Queen	2008 TCC 127	TCC	2008	Despot v. The Queen | 2008 TCC 281 / 2008 CCI 281 | TCC | 2008-05-08	Despot v. La Reine | 2008 TCC 127 / 2008 CCI 127 | TCC | 2008-02-29
exact/aware/none	canlii-title	A2AJ decision date in another year than the citation	Leblanc v. The Queen	2008 TCC 7	TCC	2008	Leblanc v. The Queen | 2008 TCC 242 / 2008 CCI 242 | TCC | 2008-05-09	Leblanc v. The Queen | 2008 TCC 7 / 2008 CCI 7 | TCC | 2007-11-26
exact/aware/none	canlii-title	known record named in French only	Style Auto G.J. v. The Queen	2007 TCC 597	TCC	2007	Style Auto G.J. v. The Queen | 2009 TCC 392 / 2009 CCI 392 | TCC | 2007-09-27	Style Auto G.J. c. La Reine | 2007 TCC 597 / 2007 CCI 597 | TCC | 2007-09-27
exact/aware/none	canlii-title	known record named in French only	Bouchard v. The Queen	2007 TCC 471	TCC	2007	Bouchard v. The Queen | 2007 TCC 369 / 2007 CCI 369 | TCC | 2007-06-20	Bouchard c. La Reine | 2007 TCC 471 / 2007 CCI 471 | TCC | 2007-09-25
exact/aware/none	canlii-title	known record named in French only	Landry v. The Queen	2007 TCC 355	TCC	2007	Landry v. The Queen | 2007 TCC 383 / 2007 CCI 383 | TCC | 2007-07-18	Landry c. La Reine | 2007 TCC 355 / 2007 CCI 355 | TCC | 2007-08-08
exact/aware/none	canlii-title	known record named in French only	Lacroix v. The Queen	2007 TCC 376	TCC	2007	Lacroix v. The Queen | 2006 TCC 558 / 2006 CCI 558 | TCC | 2007-06-14	Lacroix c. La Reine | 2007 TCC 376 / 2007 CCI 376 | TCC | 2007-06-14
exact/aware/none	canlii-title	A2AJ decision date in another year than the citation	Preston v. The Queen	2007 TCC 291	TCC	2007	Preston v. The Queen | 2007 TCC 761 / 2007 CCI 761 | TCC | 2007-09-12	Preston v. The Queen | 2007 TCC 291 / 2007 CCI 291 | TCC | 2006-08-15
exact/aware/none	canlii-title	known record named in French only	Blanchette v. The Queen	2007 TCC 129	TCC	2007	Blanchette v. The Queen | 2009 TCC 263 / 2009 CCI 263 | TCC | 2007-12-14	Blanchette c. La Reine | 2007 TCC 129 / 2007 CCI 129 | TCC | 2007-03-05
exact/aware/none	canlii-title	known record named in French only	Desmarais v. The Queen	2006 TCC 417	TCC	2006	Desmarais v. The Queen | 2006 TCC 44 / 2006 CCI 44 | TCC | 2006-02-16	Desmarais c. La Reine | 2006 TCC 417 / 2006 CCI 417 | TCC | 2006-06-15
exact/aware/none	canlii-title	known record named in French only	Laurin v. The Queen	2006 TCC 124	TCC	2006	Laurin v. The Queen | 2006 TCC 634 / 2006 CCI 634 | TCC | 2006-11-30	Laurin c. La Reine | 2006 TCC 124 / 2006 CCI 124 | TCC | 2006-03-17
exact/aware/none	canlii-title	known record's A2AJ name is a variant (typo, punctuation, abbreviation, given name)	Lelièvre v. M.N.R.	2006 TCC 109	TCC	2006	Lelièvre v. M.N.R. | 2006 TCC 112 / 2006 CCI 112 | TCC | 2006-03-10	Lelievre v. M.N.R. | 2006 TCC 109 / 2006 CCI 109 | TCC | 2006-03-10
exact/aware/none	canlii-title	known record named in French only	Brown v. The Queen	2005 TCC 563	TCC	2005	Brown v. The Queen | 2005 TCC 251 / 2005 CCI 251 | TCC | 2005-05-06	Brown c. La Reine | 2005 TCC 563 / 2005 CCI 563 | TCC | 2005-09-09
exact/aware/none	canlii-title	known record named in French only	Morin v. The Queen	2005 TCC 572	TCC	2005	Morin v. The Queen | 2005 TCC 324 / 2005 CCI 324 | TCC | 2005-05-13	Morin c. La Reine | 2005 TCC 572 / 2005 CCI 572 | TCC | 2005-09-02
exact/aware/none	canlii-title	known record named in French only	Morin v. The Queen	2005 TCC 512	TCC	2005	Morin v. The Queen | 2005 TCC 324 / 2005 CCI 324 | TCC | 2005-05-13	Morin c. La Reine | 2005 TCC 512 / 2005 CCI 512 | TCC | 2005-08-26
exact/aware/none	canlii-title	known record named in French only	Gagnon v. The Queen	2004 TCC 551	TCC	2004	Gagnon v. The Queen | 2004 TCC 530 / 2004 CCI 530 | TCC | 2004-07-29	Gagnon c. La Reine | 2004 TCC 551 / 2004 CCI 551 | TCC | 2004-09-01
exact/aware/none	canlii-title	known record named in French only	Kiwan v. The Queen	2004 TCC 136	TCC	2004	Kiwan v. The Queen | 2007 TCC 279 / 2007 CCI 279 | TCC | 2004-08-18	Kiwan c. La Reine | 2004 TCC 136 / 2004 CCI 136 | TCC | 2004-08-18
exact/aware/none	canlii-title	A2AJ decision date in another year than the citation	Haggart v. The Queen	2003 TCC 925	TCC	2003	Haggart v. The Queen | 2003 TCC 185 / 2003 CCI 185 | TCC | 2003-03-31	Haggart v. The Queen | 2003 TCC 925 / 2003 CCI 925 | TCC | 2004-01-16
exact/aware/none	canlii-title	known record named in French only	Levy v. The Queen	2003 TCC 743	TCC	2003	Levy v. The Queen | 2003 TCC 349 / 2003 CCI 349 | TCC | 2003-05-29	Levy c. La Reine | 2003 TCC 743 / 2003 CCI 743 | TCC | 2003-10-15
exact/aware/none	canlii-title	known record named in French only	Cortbaoui v. The Queen	2003 TCC 612	TCC	2003	Cortbaoui v. The Queen | 2005 TCC 348 / 2005 CCI 348 | TCC | 2003-09-04	Cortbaoui c. La Reine | 2003 TCC 612 / 2003 CCI 612 | TCC | 2003-09-04
exact/aware/none	canlii-title	known record named in French only	Cloutier v. The Queen	2003 TCC 511	TCC	2003	Cloutier v. The Queen | 2003 TCC 58 / 2003 CCI 58 | TCC | 2003-02-24	Cloutier c. La Reine | 2003 TCC 511 / 2003 CCI 511 | TCC | 2003-07-23
exact/aware/none	scc-own-name-reporter-year	reporter-year window: same-name SCC decision in window, known record outside it	Hill v. R.	[1975] 2 SCR 402	SCC	1975	Hill v. R. | [1977] 1 SCR 827 / [1977] 1 RCS 827 | SCC | 1975-12-19	Hill v. R. | [1975] 2 SCR 402 / [1975] 2 RCS 402 | SCC | 1973-12-21
exact/aware/none	scc-own-name-reporter-year	reporter-year window: same-name SCC decision in window, known record outside it	Hill v. R.	[1975] 2 RCS 402	SCC	1975	Hill v. R. | [1977] 1 SCR 827 / [1977] 1 RCS 827 | SCC | 1975-12-19	Hill v. R. | [1975] 2 SCR 402 / [1975] 2 RCS 402 | SCC | 1973-12-21
exact/aware/none	scc-own-name-reporter-year	reporter-year window: same-name SCC decision in window, known record outside it	Magdall v. The King	[1921] 62 SCR 88	SCC	1921	Magdall v. The King | (1920) 61 SCR 88 | SCC | 1920-06-21	Magdall v. The King | [1921] 62 SCR 88 | SCC | 1914-02-23
exact/aware/none	scc-own-name-reporter-year	reporter-year window: same-name SCC decision in window, known record outside it	Corpex (1977) Inc. v. The Queen in right of Canada	[1982] 2 SCR 674	SCC	1982	Corpex (1977) Inc. v. The Queen in right of Canada | [1982] 2 SCR 643 / [1982] 2 RCS 643 | SCC | 1982-11-23	Corpex (1977) Inc. v. The Queen in right of Canada | [1982] 2 SCR 674 / [1982] 2 RCS 674 | SCC | 1983-05-17
exact/aware/none	scc-own-name-reporter-year	reporter-year window: same-name SCC decision in window, known record outside it	Corpex (1977) Inc. v. The Queen in right of Canada	[1982] 2 RCS 674	SCC	1982	Corpex (1977) Inc. v. The Queen in right of Canada | [1982] 2 SCR 643 / [1982] 2 RCS 643 | SCC | 1982-11-23	Corpex (1977) Inc. v. The Queen in right of Canada | [1982] 2 SCR 674 / [1982] 2 RCS 674 | SCC | 1983-05-17
crown/aware2/none	canlii-title	known record's A2AJ name is a different style (other party, other title)	Lamarque v. Rouse	2023 BCCA 452	BCCA	2023	Lamarque v. Rouse | 2023 BCCA 392 | BCCA | 2023-10-26	Lemarque v. Rouse | 2023 BCCA 452 | BCCA | 2023-12-05
crown/aware2/none	canlii-title	known record's A2AJ name is a variant (typo, punctuation, abbreviation, given name)	Trans Mountain Pipeline ULC v. Mivasair	2023 BCCA 299	BCCA	2023	Trans Mountain Pipeline ULC v. Mivasair | 2023 BCCA 115 | BCCA | 2023-03-15	Trans Mountain Pipeline v. Mivasair | 2023 BCCA 299 | BCCA | 2023-07-25
crown/aware2/none	canlii-title	known record's A2AJ name is a variant (typo, punctuation, abbreviation, given name)	Equustek Solutions Inc. v. Jack	2022 BCCA 194	BCCA	2022	Equustek Solutions Inc. v. Jack | 2022 BCCA 453 | BCCA | 2022-12-16	Equustek Solutions v. Jack | 2022 BCCA 194 | BCCA | 2022-05-20
crown/aware2/none	canlii-title	known record's A2AJ name is a variant (typo, punctuation, abbreviation, given name)	Fontaine v. Canada (Attorney General)	2019 BCCA 178	BCCA	2019	Fontaine v. Canada (Attorney General) | 2019 BCCA 246 | BCCA | 2019-07-05	Fontaine v. Canada | 2019 BCCA 178 | BCCA | 2019-05-22
crown/aware2/none	canlii-title	known record's A2AJ name is a variant (typo, punctuation, abbreviation, given name)	Denton v. British Columbia (Workers’ Compensation Appeal Tribunal)	2017 BCCA 138	BCCA	2017	Denton v. British Columbia (Workers’ Compensation Appeal Tribunal) | 2017 BCCA 403 | BCCA | 2017-11-23	Denton v. British Columbia (Workers' Compensation Appeal Tribunal | 2017 BCCA 138 | BCCA | 2017-03-30
crown/aware2/none	canlii-title	known record's A2AJ name is a variant (typo, punctuation, abbreviation, given name)	Cowichan Valley (Regional District) v. Cobble Hill Holdings Ltd.	2016 BCCA 432	BCCA	2016	Cowichan Valley (Regional District) v. Cobble Hill Holdings Ltd. | 2016 BCCA 215 | BCCA | 2016-05-13	Cowichan Valley (Reginal District) v. Cobble Hill Holdings Ltd. | 2016 BCCA 432 | BCCA | 2016-11-03
crown/aware2/none	canlii-title	known record's A2AJ name is a variant (typo, punctuation, abbreviation, given name)	L.M. v. British Columbia (Director of Child, Family and Community Services)	2016 BCCA 109	BCCA	2016	L.M. v. British Columbia (Director of Child, Family and Community Services) | 2016 BCCA 367 | BCCA | 2016-09-13	L.M. v. British Columbia (Director of Child, Family and Community Services | 2016 BCCA 109 | BCCA | 2016-03-04
crown/aware2/none	canlii-title	known record's A2AJ name is a variant (typo, punctuation, abbreviation, given name)	Foote v. Attorney General (Canada)	2013 BCCA 466	BCCA	2013	Foote v. Attorney General (Canada) | 2013 BCCA 135 | BCCA | 2013-03-18	Foote v. Canada (Attorney General) | 2013 BCCA 466 | BCCA | 2013-10-29
crown/aware2/none	canlii-title	known record's A2AJ name is a variant (typo, punctuation, abbreviation, given name)	Provincial Court Judges’ Association of British Columbia v. British Columbia (Attorney General)	2012 BCCA 136	BCCA	2012	Provincial Court Judges’ Association of British Columbia v. British Columbia (Attorney General) | 2012 BCCA 157 | BCCA | 2012-04-05	Provincial Court Judges’ Association of British Columbia | 2012 BCCA 136 | BCCA | 2012-03-15
crown/aware2/none	canlii-title	known record's A2AJ name is a variant (typo, punctuation, abbreviation, given name)	Victoria (City) v. Adams	2009 BCCA 172	BCCA	2009	Victoria (City) v. Adams | 2009 BCCA 563 | BCCA | 2009-12-09	The Corporation of the City of Victoria v. Adams | 2009 BCCA 172 | BCCA | 2009-04-03
crown/aware2/none	canlii-title	known record's A2AJ name is a different style (other party, other title)	R. v. T.S.G.	2005 BCCA 228	BCCA	2005	R. v. T.S.G. | 2005 BCCA 492 | BCCA | 2005-10-18	R. v. Gilbert | 2005 BCCA 228 | BCCA | 2005-04-11
crown/aware2/none	canlii-title	known record's A2AJ name is a different style (other party, other title)	Italy v. Seifert	2003 BCCA 606	BCCA	2003	Italy v. Seifert | 2003 BCCA 690 | BCCA | 2003-12-15	Seifert v. A.G. of Canada on behalf of the  Republic of Italy | 2003 BCCA 606 | BCCA | 2003-11-12
crown/aware2/none	canlii-title	known record's A2AJ name is a variant (typo, punctuation, abbreviation, given name)	Glenayre Manufacturing Ltd. v. Pilot Pacific Properties Inc.	2003 BCCA 363	BCCA	2003	Glenayre Manufacturing Ltd. v. Pilot Pacific Properties Inc. | 2003 BCCA 462 | BCCA | 2003-08-14	Glenayre Manufacturing Ltd. v.Pilot Pacific Properties Inc. | 2003 BCCA 363 | BCCA | 2003-06-19
crown/aware2/none	canlii-title	known record's A2AJ name is a different style (other party, other title)	Daniel v. ICBC	2002 BCCA 684	BCCA	2002	Daniel v. ICBC | 2002 BCCA 715 | BCCA | 2002-06-11	Daniel v. Insurance Corporation of Bristish Columbia | 2002 BCCA 684 | BCCA | 2002-12-17
crown/aware2/none	canlii-title	known record's A2AJ name is a different style (other party, other title)	Ingham et al v. Creston (Town)	1999 BCCA 178	BCCA	1999	Ingham et al. v. Creston (Town) | 1999 BCCA 316 | BCCA | 1999-05-12	Kowalski (Estate) v. Creston (Town of ) | 1999 BCCA 178 | BCCA | 1999-03-22
crown/aware2/none	canlii-title	known record's A2AJ name is a different style (other party, other title)	Swib  v. Whitham	1999 BCCA 131	BCCA	1999	Swib v. Whitham | 1999 BCCA 583 | BCCA | 1999-10-13	Swib v. Whitman et al | 1999 BCCA 131 | BCCA | 1999-03-02
crown/aware2/none	canlii-title	known record's A2AJ name is a different style (other party, other title)	Kranenburg v. Kranenburg	1999 BCCA 150	BCCA	1999	Kranenburg v. Kranenburg | 1999 BCCA 149 | BCCA | 1999-02-26	R. v. Horton | 1999 BCCA 150 | BCCA | 1999-03-10
crown/aware2/none	canlii-title	known record's A2AJ name is a different style (other party, other title)	R. v.  Hannon	1999 BCCA 56	BCCA	1999	R. v. Hannon | 1999 BCCA 514 | BCCA | 1999-09-09	R. v. Hammon | 1999 BCCA 56 | BCCA | 1999-01-26
crown/aware2/none	canlii-title	known record's A2AJ name is a different style (other party, other title)	Navikevicius v. Public Service Alliance of Canada	2016 PSLREB 81	FPSLREB	2016	Navikevicius v. Public Service Alliance of Canada | 2016 PSLREB 12 / 2016 CRTEFP 12 | FPSLREB | 2016-02-08	Marshall v. Union of Canadian Correctional Officers - Syndicat des agents correctionnels du Canada - CSN | 2016 PSLREB 81 / 2016 CRTEFP 81 | FPSLREB | 2016-08-26
crown/aware2/none	canlii-title	A2AJ decision date in another year than the citation	LB v Canada Employment Insurance Commission	2024 SST 1684	SST	2024	LB v Canada Employment Insurance Commission | 2024 SST 1660 / 2024 TSS 1660 | SST | 2024-12-18	LB v Canada Employment Insurance Commission | 2024 SST 1684 / 2024 TSS 1684 | SST | 2025-07-19
crown/aware2/none	canlii-title	known record named in French only	GD v Canada Employment Insurance Commission	2025 SST 162	SST	2025	GD v Canada Employment Insurance Commission | 2025 SST 886 / 2025 TSS 886 | SST | 2025-08-13	GD c Commission de l’assurance-emploi du Canada | 2025 TSS 162 | SST | 2025-02-25
crown/aware2/none	canlii-title	A2AJ decision date in another year than the citation	HK v Canada Employment Insurance Commission	2024 SST 1648	SST	2024	HK v Canada Employment Insurance Commission | 2024 SST 1722 / 2024 TSS 1722 | SST | 2024-12-18	HK v Canada Employment Insurance Commission | 2024 SST 1648 / 2024 TSS 1648 | SST | 2025-12-16
crown/aware2/none	canlii-title	A2AJ decision date in another year than the citation	YP v Canada Employment Insurance Commission	2023 SST 1822	SST	2023	YP v Canada Employment Insurance Commission | 2023 SST 1821 / 2023 TSS 1821 | SST | 2023-12-21	YP v Canada Employment Insurance Commission | 2023 SST 1822 / 2023 TSS 1822 | SST | 2024-01-15
crown/aware2/none	canlii-title	A2AJ decision date in another year than the citation	PK v Canada Employment Insurance Commission	2022 SST 2019	SST	2022	PK v Canada Employment Insurance Commission | 2022 SST 131 / 2022 TSS 131 | SST | 2022-02-18	PK v Canada Employment Insurance Commission | 2022 SST 2019 / 2022 TSS 2019 | SST | 2023-09-26
crown/aware2/none	canlii-title	A2AJ decision date in another year than the citation	HA v Canada Employment Insurance Commission	2023 SST 250	SST	2023	HA v Canada Employment Insurance Commission | 2023 SST 387 / 2023 TSS 387 | SST | 2023-01-04	HA v Canada Employment Insurance Commission | 2023 SST 250 / 2023 TSS 250 | SST | 2022-03-04
crown/aware2/none	canlii-title	A2AJ decision date in another year than the citation	PN v Minister of Employment and Social Development	2022 SST 235	SST	2022	PN v Minister of Employment and Social Development | 2022 SST 234 / 2022 TSS 234 | SST | 2022-04-08	PN v Minister of Employment and Social Development | 2022 SST 235 / 2022 TSS 235 | SST | 2021-11-11
crown/aware2/none	canlii-title	known record's A2AJ name is a variant (typo, punctuation, abbreviation, given name)	HT v Minister of Employment and Social Development	2020 SST 1249	SST	2020	HT v Minister of Employment and Social Development | 2020 SST 1250 / 2020 TSS 1250 | SST | 2020-05-28	RS v Minister of Employment and Social Development | 2020 SST 1249 / 2020 TSS 1249 | SST | 2020-12-04
crown/aware2/none	canlii-title	known record's A2AJ name is a variant (typo, punctuation, abbreviation, given name)	JP v Canada Employment Insurance Commission	2019 SST 803	SST	2019	JP v Canada Employment Insurance Commission | 2019 SST 1755 / 2019 TSS 1755 | SST | 2019-07-18	J. P. v. Canada Employment Insurance Commission | 2019 SST 803 / 2019 TSS 803 | SST | 2019-08-17
crown/aware2/none	canlii-title	known record's A2AJ name is a variant (typo, punctuation, abbreviation, given name)	CW v Minister of Employment and Social Development	2019 SST 768	SST	2019	CW v Minister of Employment and Social Development | 2019 SST 765 / 2019 TSS 765 | SST | 2019-08-15	C. W. v. Minister of Employment and Social Development | 2019 SST 768 / 2019 TSS 768 | SST | 2019-08-16
crown/aware2/none	canlii-title	known record's A2AJ name is a variant (typo, punctuation, abbreviation, given name)	CB v Minister of Employment and Social Development	2019 SST 751	SST	2019	CB v Minister of Employment and Social Development | 2019 SST 342 / 2019 TSS 342 | SST | 2019-04-11	C. B. v. Minister of Employment and Social Development | 2019 SST 751 / 2019 TSS 751 | SST | 2019-08-15
crown/aware2/none	canlii-title	known record's A2AJ name is a variant (typo, punctuation, abbreviation, given name)	CB v Minister of Employment and Social Development	2019 SST 1023	SST	2019	CB v Minister of Employment and Social Development | 2019 SST 342 / 2019 TSS 342 | SST | 2019-04-11	C. B. v. Minister of Employment and Social Development | 2019 SST 1023 / 2019 TSS 1023 | SST | 2019-08-08
crown/aware2/none	canlii-title	known record's A2AJ name is a variant (typo, punctuation, abbreviation, given name)	AA v Minister of Employment and Social Development	2019 SST 699	SST	2019	AA v Minister of Employment and Social Development | 2019 SST 797 / 2019 TSS 797 | SST | 2019-03-29	A. A. v. Minister of Employment and Social Development | 2019 SST 699 / 2019 TSS 699 | SST | 2019-08-02
crown/aware2/none	canlii-title	known record's A2AJ name is a variant (typo, punctuation, abbreviation, given name)	VP v Canada Employment Insurance Commission	2019 SST 812	SST	2019	VP v Canada Employment Insurance Commission | 2019 SST 17 / 2019 TSS 17 | SST | 2019-01-10	V. P. v. Canada Employment Insurance Commission | 2019 SST 812 / 2019 TSS 812 | SST | 2019-07-30
crown/aware2/none	canlii-title	known record's A2AJ name is a variant (typo, punctuation, abbreviation, given name)	SK v Minister of Employment and Social Development	2019 SST 713	SST	2019	SK v Minister of Employment and Social Development | 2019 SST 5 / 2019 TSS 5 | SST | 2019-01-07	S. K. v. Minister of Employment and Social Development | 2019 SST 713 / 2019 TSS 713 | SST | 2019-07-29
crown/aware2/none	canlii-title	known record's A2AJ name is a variant (typo, punctuation, abbreviation, given name)	ML v Canada Employment Insurance Commission	2019 SST 674	SST	2019	ML v Canada Employment Insurance Commission | 2019 SST 1763 / 2019 TSS 1763 | SST | 2019-11-28	M. L. v. Canada Employment Insurance Commission | 2019 SST 674 / 2019 TSS 674 | SST | 2019-07-26
crown/aware2/none	canlii-title	known record's A2AJ name is a variant (typo, punctuation, abbreviation, given name)	BC v Canada Employment Insurance Commission	2019 SST 952	SST	2019	BC v Canada Employment Insurance Commission | 2019 SST 7 / 2019 TSS 7 | SST | 2019-01-08	B. C. v. Canada Employment Insurance Commission | 2019 SST 952 / 2019 TSS 952 | SST | 2019-07-25
crown/aware2/none	canlii-title	known record's A2AJ name is a variant (typo, punctuation, abbreviation, given name)	KS v Minister of Employment and Social Development	2019 SST 714	SST	2019	KS v Minister of Employment and Social Development | 2019 SST 18 / 2019 TSS 18 | SST | 2019-01-10	K. S. v. Minister of Employment and Social Development | 2019 SST 714 / 2019 TSS 714 | SST | 2019-07-24
crown/aware2/none	canlii-title	known record's A2AJ name is a variant (typo, punctuation, abbreviation, given name)	RM v Canada Employment Insurance Commission	2019 SST 1490	SST	2019	RM v Canada Employment Insurance Commission | 2019 SST 347 / 2019 TSS 347 | SST | 2019-04-08	R. M. v. Canada Employment Insurance Commission | 2019 SST 1490 / 2019 TSS 1490 | SST | 2019-07-23
crown/aware2/none	canlii-title	known record's A2AJ name is a variant (typo, punctuation, abbreviation, given name)	JM v Canada Employment Insurance Commission	2019 SST 736	SST	2019	JM v Canada Employment Insurance Commission | 2019 SST 19 / 2019 TSS 19 | SST | 2019-01-11	J. M. v. Canada Employment Insurance Commission | 2019 SST 736 / 2019 TSS 736 | SST | 2019-07-22
crown/aware2/none	canlii-title	known record's A2AJ name is a variant (typo, punctuation, abbreviation, given name)	JK v Minister of Employment and Social Development	2019 SST 720	SST	2019	JK v Minister of Employment and Social Development | 2019 SST 1760 / 2019 TSS 1760 | SST | 2019-12-13	J. K. v. Minister of Employment and Social Development | 2019 SST 720 / 2019 TSS 720 | SST | 2019-07-11
crown/aware2/none	canlii-title	known record's A2AJ name is a variant (typo, punctuation, abbreviation, given name)	MC v Canada Employment Insurance Commission	2019 SST 660	SST	2019	MC v Canada Employment Insurance Commission | 2019 SST 1768 / 2019 TSS 1768 | SST | 2019-10-28	M. C. v. Canada Employment Insurance Commission | 2019 SST 660 / 2019 TSS 660 | SST | 2019-07-10
crown/aware2/none	canlii-title	known record's A2AJ name is a variant (typo, punctuation, abbreviation, given name)	GL v Canada Employment Insurance Commission	2019 SST 625	SST	2019	GL v Canada Employment Insurance Commission | 2019 SST 4 / 2019 TSS 4 | SST | 2019-01-04	G. L. v. Canada Employment Insurance Commission | 2019 SST 625 / 2019 TSS 625 | SST | 2019-07-04
crown/aware2/none	canlii-title	known record's A2AJ name is a variant (typo, punctuation, abbreviation, given name)	MV v Canada Employment Insurance Commission	2019 SST 1752	SST	2019	MV v Canada Employment Insurance Commission | 2019 SST 2 / 2019 TSS 2 | SST | 2019-01-02	M. V. v. Canada Employment Insurance Commission | 2019 SST 1752 / 2019 TSS 1752 | SST | 2019-06-12
crown/aware2/none	canlii-title	known record's A2AJ name is a variant (typo, punctuation, abbreviation, given name)	JJ v Canada Employment Insurance Commission	2019 SST 1748	SST	2019	JJ v Canada Employment Insurance Commission | 2019 SST 13 / 2019 TSS 13 | SST | 2019-01-10	J. J. v. Canada Employment Insurance Commission | 2019 SST 1748 / 2019 TSS 1748 | SST | 2019-05-28
crown/aware2/none	canlii-title	known record's A2AJ name is a variant (typo, punctuation, abbreviation, given name)	F. M. v Canada Employment Insurance Commission and X	2019 SST 348	SST	2019	F. M. v. Canada Employment Insurance Commission and X | 2019 SST 264 / 2019 TSS 264 | SST | 2019-02-28	FM v Canada Employment Insurance Commission and X | 2019 SST 348 / 2019 TSS 348 | SST | 2019-04-08
crown/aware2/none	canlii-title	known record's A2AJ name is a variant (typo, punctuation, abbreviation, given name)	B. W. v Canada Employment Insurance Commission	2019 SST 384	SST	2019	B. W. v. Canada Employment Insurance Commission | 2019 SST 1485 / 2019 TSS 1485 | SST | 2019-07-16	BW v Canada Employment Insurance Commission | 2019 SST 384 / 2019 TSS 384 | SST | 2019-03-29
crown/aware2/none	canlii-title	known record's A2AJ name is a variant (typo, punctuation, abbreviation, given name)	MP v Canada Employment Insurance Commission	2019 SST 1734	SST	2019	MP v Canada Employment Insurance Commission | 2019 SST 1673 / 2019 TSS 1673 | SST | 2019-07-18	M. P. v. Canada Employment Insurance Commission | 2019 SST 1734 / 2019 TSS 1734 | SST | 2019-03-15
crown/aware2/none	canlii-title	known record's A2AJ name is a variant (typo, punctuation, abbreviation, given name)	JR v Minister of Employment and Social Development	2019 SST 1703	SST	2019	JR v Minister of Employment and Social Development | 2019 SST 1357 / 2019 TSS 1357 | SST | 2019-11-21	J. R. v. Minister of Employment and Social Development | 2019 SST 1703 / 2019 TSS 1703 | SST | 2019-01-25
crown/aware2/none	canlii-title	known record's A2AJ name is a variant (typo, punctuation, abbreviation, given name)	P. D. v Minister of Employment and Social Development	2018 SST 1233	SST	2018	P. D. v. Minister of Employment and Social Development | 2018 SST 1396 / 2018 TSS 1396 | SST | 2018-10-17	P. D. v. Minister of Employment and Social Development, | 2018 SST 1233 / 2018 TSS 1233 | SST | 2018-11-09
crown/aware2/none	canlii-title	known record's A2AJ name is a variant (typo, punctuation, abbreviation, given name)	K. V. v Minister of Employment and Social Development	2018 SST 849	SST	2018	K. C. v. Minister of Employment and Social Development | 2018 SST 952 / 2018 TSS 952 | SST | 2018-09-27	N. T. v. Minister of Employment and Social Development | 2018 SST 849 / 2018 TSS 849 | SST | 2018-08-29
crown/aware2/none	canlii-title	known record's A2AJ name is a variant (typo, punctuation, abbreviation, given name)	Wolfridge Farm Ltd. v Farm Credit Canada	2016 NSCA 46	NSCA	2016	Wolfridge Farm Ltd. v. Farm Credit Canada | 2016 NSCA 19 | NSCA | 2016-03-18	Wolfridge Farms Ltd. v. Farm Credit Canada | 2016 NSCA 46 | NSCA | 2016-05-31
crown/aware2/none	canlii-title	known record's A2AJ name is a variant (typo, punctuation, abbreviation, given name)	C.C. v. Nova Scotia (Community Services)	2015 NSCA 28	NSCA	2015	C.C. v. Nova Scotia (Community Services) | 2015 NSCA 67 | NSCA | 2015-07-07	C. C. v. Nova Scotia (Community Services) | 2015 NSCA 28 | NSCA | 2015-03-24
crown/aware2/none	canlii-title	known record's A2AJ name is a different style (other party, other title)	R. v. Chehil	2009 NSCA 85	NSCA	2009	R. v. Chehil | 2009 NSCA 111 | NSCA | 2009-11-06	R. v. Chehill | 2009 NSCA 85 | NSCA | 2009-08-14
crown/aware2/none	canlii-title	known record's A2AJ name is a variant (typo, punctuation, abbreviation, given name)	Cape Breton Development Corporation v. Nova Scotia (Workers' Compensation Appeals Tribunal)	2008 NSCA 72	NSCA	2008	Cape Breton Development Corporation v. Nova Scotia (Workers' Compensation Appeals Tribunal) | 2008 NSCA 11 | NSCA | 2008-02-04	Cape Breton Developmenet Corporation v. Nova Scotia (Workers' Compensation Appeals Tribunal) | 2008 NSCA 72 | NSCA | 2008-07-31
crown/aware2/none	canlii-title	known record's A2AJ name is a variant (typo, punctuation, abbreviation, given name)	R. v. Tattrie	2007 NSCA 41	NSCA	2007	R. v. Tattrie | 2007 NSCA 71 | NSCA | 2007-06-08	R, v, Tattrie | 2007 NSCA 41 | NSCA | 2007-04-11
crown/aware2/none	canlii-title	known record's A2AJ name is a variant (typo, punctuation, abbreviation, given name)	Royal Bank of Canada v. Saulnier	2006 NSCA 91	NSCA	2006	Royal Bank of Canada v. Saulnier | 2006 NSCA 108 | NSCA | 2006-10-05	Saulnier v. Royal Bank of Canada | 2006 NSCA 91 | NSCA | 2006-07-25
crown/aware2/none	canlii-title	known record's A2AJ name is a variant (typo, punctuation, abbreviation, given name)	Whey v. Halifax (Regional Municipality)	2006 NSCA 40	NSCA	2006	Whey v. Halifax (Regional Municipality) | 2006 NSCA 107 | NSCA | 2006-09-28	Halifax (Regional Municipality) v. Whey | 2006 NSCA 40 | NSCA | 2006-03-28
crown/aware2/none	canlii-title	known record's A2AJ name is a variant (typo, punctuation, abbreviation, given name)	Wall v. Horn Abbot Ltd.	2006 NSCA 36	NSCA	2006	Wall v. Horn Abbot Ltd. | 2006 NSCA 60 | NSCA | 2006-05-12	Horn Abbot Ltd. v. Wall | 2006 NSCA 36 | NSCA | 2006-03-24
crown/aware2/none	canlii-title	known record's A2AJ name is a variant (typo, punctuation, abbreviation, given name)	Shannex Health Care Management Inc. v. Nova Scotia (Attorney General)	2005 NSCA 52	NSCA	2005	Shannex Health Care Management Inc. v. Nova Scotia (Attorney General) | 2005 NSCA 158 | NSCA | 2005-12-08	Shannex Health Care Management Inc. v. Nova Scotia (Health) | 2005 NSCA 52 | NSCA | 2005-03-30
crown/aware2/none	canlii-title	known record's A2AJ name is a different style (other party, other title)	Smith v. Heron	2003 NSCA 113	NSCA	2003	Smith v. Heron | 2003 NSCA 88 | NSCA | 2003-09-09	MacGillivary v. Smith | 2003 NSCA 113 | NSCA | 2003-10-22
crown/aware2/none	canlii-title	known record's A2AJ name is a variant (typo, punctuation, abbreviation, given name)	Smith v. Heron	2003 NSCA 92	NSCA	2003	Smith v. Heron | 2003 NSCA 88 | NSCA | 2003-09-09	Heron v. Smith | 2003 NSCA 92 | NSCA | 2003-09-15
crown/aware2/none	canlii-title	known record's A2AJ name is a different style (other party, other title)	Michelin North America (Canada) Inc. v. Nova Scotia (Workers' Compensation Board)	2002 NSCA 166	NSCA	2002	Michelin North America (Canada) Inc. v. Nova Scotia (Workers' Compensation Board) | 2002 NSCA 87 | NSCA | 2002-06-17	Michelin North America (Canada) Inc. v.Ross | 2002 NSCA 166 | NSCA | 2002-12-30
crown/aware2/none	canlii-title	known record's A2AJ name is a variant (typo, punctuation, abbreviation, given name)	Potter  v. Halifax Regional School Board	2002 NSCA 88	NSCA	2002	Potter v. Halifax Regional School Board | 2002 NSCA 105 | NSCA | 2002-08-23	Halifax Regional School Board v. Potter | 2002 NSCA 88 | NSCA | 2002-06-21
crown/aware2/none	canlii-title	known record's A2AJ name is a different style (other party, other title)	Michelin North America (Canada) Inc. v. Ross	2002 NSCA 87	NSCA	2002	Michelin North America (Canada) Inc. v. Ross | 2002 NSCA 102 | NSCA | 2002-08-14	Michelin North America (Canada) Inc. v. Nova Scotia (Workers' Compensation Board) | 2002 NSCA 87 | NSCA | 2002-06-17
crown/aware2/none	canlii-title	known record's A2AJ name is a variant (typo, punctuation, abbreviation, given name)	Jollymore v. Jollymore Estate	2001 NSCA 116	NSCA	2001	Jollymore v. Jollymore Estate | 2001 NSCA 172 | NSCA | 2001-11-29	Jollymore Estate v. Jollymore | 2001 NSCA 116 | NSCA | 2001-07-26
crown/aware2/none	canlii-title	known record's A2AJ name is a variant (typo, punctuation, abbreviation, given name)	Robert Hatch Retail Inc. v. Canadian Auto Workers Union Local 4624	1999 NSCA 150	NSCA	1999	Robert Hatch Retail Inc. v. Canadian Auto Workers Union Local 4624 | 1999 NSCA 107 | NSCA | 1999-09-23	Robert Hatch Retail Inc. v. Canadian Auto Workers Union, Local 4624 | 1999 NSCA 150 | NSCA | 1999-12-01
crown/aware2/none	canlii-title	known record's A2AJ name is a variant (typo, punctuation, abbreviation, given name)	Provincial Contracting v. Spence Aggregates Contracting Ltd.	1999 NSCA 116	NSCA	1999	Provincial Contracting v. Spence Aggregates Contracting Ltd. | 1999 NSCA 9 | NSCA | 1999-08-27	Provincial Contracting Ltd. v. Spence Aggregates Contracting Ltd. | 1999 NSCA 116 | NSCA | 1999-10-07
crown/aware2/none	canlii-title	known record's A2AJ name is a variant (typo, punctuation, abbreviation, given name)	Parsons v. Guevremont	1999 NSCA 113	NSCA	1999	Parsons v. Guevremont | 1999 NSCA 97 | NSCA | 1999-06-16	Guevremont v. Parsons | 1999 NSCA 113 | NSCA | 1999-10-05
crown/aware2/none	canlii-title	known record's A2AJ name is a variant (typo, punctuation, abbreviation, given name)	Henderson v. Kenora-Rainy River Districts Child & Family Services	2022 ONCA 292	ONCA	2022	Henderson v. Kenora-Rainy River Districts Child & Family Services | 2022 ONCA 387 | ONCA | 2022-05-16	M.J.H. v. Kenora-Rainy River Districts Child & Family Services | 2022 ONCA 292 | ONCA | 2022-04-08
crown/aware2/none	canlii-title	known record's A2AJ name is a variant (typo, punctuation, abbreviation, given name)	R. v. Fuller	2021 ONCA 888	ONCA	2021	R. v. Fuller | 2021 ONCA 411 | ONCA | 2021-06-11	R. v. Jevane Fuller | 2021 ONCA 888 | ONCA | 2021-12-14
crown/aware2/none	canlii-title	known record's A2AJ name is a variant (typo, punctuation, abbreviation, given name)	Thrive Capital Management Ltd. v. Noble 1324	2021 ONCA 722	ONCA	2021	Thrive Capital Management Ltd. v. Noble 1324 | 2021 ONCA 846 | ONCA | 2021-11-24	Thrive Capital Management Ltd. v. Noble 1324 Queen Inc. | 2021 ONCA 722 | ONCA | 2021-10-15
crown/aware2/none	canlii-title	known record's A2AJ name is a variant (typo, punctuation, abbreviation, given name)	Canadian Civil Liberties Association v. Canada	2019 ONCA 243	ONCA	2019	Canadian Civil Liberties Association v. Canada | 2019 ONCA 342 | ONCA | 2019-04-26	Canadian Civil Liberties Association v. Canada (Attorney General) | 2019 ONCA 243 | ONCA | 2019-03-28
crown/aware2/none	canlii-title	known record's A2AJ name is a variant (typo, punctuation, abbreviation, given name)	Alguire v. The Manufacturers Life Insurance Company (Manulife Financial)	2018 ONCA 202	ONCA	2018	Alguire v. The Manufacturers Life Insurance Company (Manulife Financial) | 2018 ONCA 280 | ONCA | 2018-03-21	Alguire v. The Manufacturers Life Insurance Company (ManulifeFinancial) | 2018 ONCA 202 | ONCA | 2018-03-01
crown/aware2/none	canlii-title	known record's A2AJ name is a variant (typo, punctuation, abbreviation, given name)	Cana International Distributing Inc. v. Standard Innovation Corporation	2018 ONCA 145	ONCA	2018	Cana International Distributing Inc. v. Standard Innovation Corporation | 2018 ONCA 387 | ONCA | 2018-04-19	Cana International Distributing Inc. v. Standard | 2018 ONCA 145 | ONCA | 2018-02-15
crown/aware2/none	canlii-title	known record's A2AJ name is a variant (typo, punctuation, abbreviation, given name)	Parkhill Excavating Limited v. Royal & Sunalliance Insurance Company of Canada	2016 ONCA 832	ONCA	2016	Parkhill Excavating Limited v. Royal & Sunalliance Insurance Company of Canada | 2016 ONCA 882 | ONCA | 2016-11-22	Parkhill Excavating Limited v. Royal & Sunalliance Insurance Companyof Canada | 2016 ONCA 832 | ONCA | 2016-11-08
crown/aware2/none	canlii-title	known record's A2AJ name is a variant (typo, punctuation, abbreviation, given name)	Iroquois Falls Power Corporation v. Ontario Electricity Financial Corporation	2016 ONCA 687	ONCA	2016	Iroquois Falls Power Corporation v. Ontario Electricity Financial Corporation | 2016 ONCA 271 | ONCA | 2016-04-19	Iroquois Falls Power Corporation v. Ontario Electricity FinancialCorporation | 2016 ONCA 687 | ONCA | 2016-09-19
crown/aware2/none	canlii-title	known record's A2AJ name is a variant (typo, punctuation, abbreviation, given name)	Iroquois Falls Power Corporation v. Ontario Electricity Financial Corporation	2016 ONCA 616	ONCA	2016	Iroquois Falls Power Corporation v. Ontario Electricity Financial Corporation | 2016 ONCA 271 | ONCA | 2016-04-19	Iroquois Falls Power Corporation v. Ontario Electricity FinancialCorporation | 2016 ONCA 616 | ONCA | 2016-08-08
crown/aware2/none	canlii-title	known record's A2AJ name is a variant (typo, punctuation, abbreviation, given name)	Sistem Mühendislik İnşaat Sanayi Ve Ticaret Anomic Sirketi v. Kyrgyz Republic	2015 ONCA 666	ONCA	2015	Sistem Mühendislik İnşaat Sanayi Ve Ticaret Anomic Sirketi v. Kyrgyz Republic | 2015 ONCA 447 | ONCA | 2015-06-19	Sistem Mühendislik İnşaat Sanayi Ve Ticaret Anomic Sirketi v.Kyrgyz Republic | 2015 ONCA 666 | ONCA | 2015-10-01
crown/aware2/none	canlii-title	known record's A2AJ name is a different style (other party, other title)	R. v. Proulx	2014 ONCA 205	ONCA	2014	R. v. Proulx | 2014 ONCA 254 | ONCA | 2014-03-17	Feinstein v. Freedman | 2014 ONCA 205 | ONCA | 2014-03-19
crown/aware2/none	canlii-title	known record's A2AJ name is a variant (typo, punctuation, abbreviation, given name)	Seredy v. RBC Royal Bank of Canada	2012 ONCA 883	ONCA	2012	Seredy v. RBC Royal Bank of Canada | 2012 ONCA 377 | ONCA | 2012-06-05	RBC Royal Bank of Canada | 2012 ONCA 883 | ONCA | 2012-12-13
crown/aware2/none	canlii-title	known record's A2AJ name is a variant (typo, punctuation, abbreviation, given name)	Remo Valente Real Estate (1990) Limited v. Portofino Riverside Tower Inc.	2012 ONCA 51	ONCA	2012	Remo Valente Real Estate (1990) Limited v. Portofino Riverside Tower Inc. | 2012 ONCA 160 | ONCA | 2012-03-15	Remo Valente Real Estate (1990) Limited v. Portofino Riverside TowerInc. | 2012 ONCA 51 | ONCA | 2012-01-26
crown/aware2/none	canlii-title	known record's A2AJ name is a different style (other party, other title)	R. v. G.C.	2010 ONCA 451	ONCA	2010	R. v. G.C. | 2010 ONCA 539 | ONCA | 2010-07-29	R. v. Crangle | 2010 ONCA 451 | ONCA | 2010-06-17
crown/aware2/none	canlii-title	known record's A2AJ name is a variant (typo, punctuation, abbreviation, given name)	1397868 Ontario Ltd. v. Nordic Gaming Corporation (Fort Erie Race Track)	2010 ONCA 181	ONCA	2010	1397868 Ontario Ltd. v. Nordic Gaming Corporation (Fort Erie Race Track) | 2010 ONCA 101 | ONCA | 2010-02-05	1397868 Ontario Ltd. v. Nordic Gaming Corporation (Fort Erie RaceTrack) | 2010 ONCA 181 | ONCA | 2010-03-10
crown/aware2/none	canlii-title	known record's A2AJ name is a variant (typo, punctuation, abbreviation, given name)	Law Society of Upper Canada v. Igbinosun	2009 ONCA 767	ONCA	2009	Law Society of Upper Canada v. Igbinosun | 2009 ONCA 818 | ONCA | 2009-11-20	The Law Society of Upper Canada v. Igbinosun | 2009 ONCA 767 | ONCA | 2009-11-04
crown/aware2/none	canlii-title	known record's A2AJ name is a variant (typo, punctuation, abbreviation, given name)	Metropolitan Toronto Condominium Corporation No. 1250 v. The Mastercraft Group Inc	2009 ONCA 584	ONCA	2009	Metropolitan Toronto Condominium Corporation No. 1250 v. The Mastercraft Group Inc. | 2009 ONCA 745 | ONCA | 2009-10-27	Metropolitan Toronto Condominium Corporation No. 1250v. The Mastercraft Group Inc. | 2009 ONCA 584 | ONCA | 2009-07-23
crown/aware2/none	canlii-title	known record's A2AJ name is a variant (typo, punctuation, abbreviation, given name)	1213963 Ontario Limited (Sin City Bar and Eatery) v. Alcohol and Gaming Commission of Ontario	2009 ONCA 338	ONCA	2009	1213963 Ontario Limited (Sin City Bar and Eatery) v. Alcohol and Gaming Commission of Ontario | 2009 ONCA 323 | ONCA | 2009-04-20	1213963 Ontario Limited (Sin City Bar and Eatery) v. Alcohol and GamingCommission of Ontario | 2009 ONCA 338 | ONCA | 2009-04-28
crown/aware2/none	canlii-title	known record's A2AJ name is a variant (typo, punctuation, abbreviation, given name)	Authorson v. Canada (Attorney General)	2007 ONCA 501	ONCA	2007	Authorson v. Canada (Attorney General) | 2007 ONCA 599 | ONCA | 2007-09-06	Authorson Estate v. Canada (Attorney General) | 2007 ONCA 501 | ONCA | 2007-07-04
crown/aware2/none	canlii-title	known record's A2AJ name is a variant (typo, punctuation, abbreviation, given name)	Allstate Insurance Company of Canada v. Motor Vehicle Accident Claims Fund	2007 ONCA 372	ONCA	2007	Allstate Insurance Company of Canada v. Motor Vehicle Accident Claims Fund | 2007 ONCA 61 | ONCA | 2007-01-31	Allstate Insurance Company of Canada v. Motor Vehicle Accident ClaimsFund | 2007 ONCA 372 | ONCA | 2007-05-16
crown/aware2/none	canlii-title	known record's A2AJ name is a different style (other party, other title)	R. v. Paul	2022 NSPC 28	NSPC	2022	R. v. Paul | 2022 NSPC 60 | NSPC | 2022-09-28	R. v. Googoo | 2022 NSPC 28 | NSPC | 2022-07-08
crown/aware2/none	canlii-title	known record's A2AJ name is a different style (other party, other title)	R. v. Denny	2016 NSPC 25	NSPC	2016	R. v. Denny | 2016 NSPC 83 | NSPC | 2016-07-14	R. v. McCarthy's Roofing Ltd. | 2016 NSPC 25 | NSPC | 2016-03-31
crown/aware2/none	canlii-title	known record's A2AJ name is a variant (typo, punctuation, abbreviation, given name)	R. v. MacKenzie	2012 NSPC 4	NSPC	2012	R. v. MacKenzie | 2012 NSPC 19 | NSPC | 2012-03-12	R&gt; v. MacKenzie | 2012 NSPC 4 | NSPC | 2012-01-16
crown/aware2/none	canlii-title	known record's A2AJ name is a variant (typo, punctuation, abbreviation, given name)	R. v. Ivy Fisheries Ltd.	2006 NSPC 5	NSPC	2006	R. v. Ivy Fisheries Ltd. | 2006 NSPC 26 | NSPC | 2006-06-14	R. v. Ivy Fisheries | 2006 NSPC 5 | NSPC | 2006-03-01
crown/aware2/none	canlii-title	known record's A2AJ name is a different style (other party, other title)	R. v. A.A.B.	2006 NSPC 4	NSPC	2006	R. v. A.A.B. | 2006 NSPC 16 | NSPC | 2006-04-19	R. v. Billard | 2006 NSPC 4 | NSPC | 2006-01-11
crown/aware2/none	canlii-title	known record's A2AJ name is a variant (typo, punctuation, abbreviation, given name)	Buffalo Megan Holding Ltd. v PKT Holdings Inc.	2025 BCSC 1322	BCSC	2025	Buffalo Megan Holding Ltd. v. PKT Holdings Inc. | 2025 BCSC 798 | BCSC | 2025-04-29	Buffalo Megan Holding Ltd. v. PKT Holdings Ltd. | 2025 BCSC 1322 | BCSC | 2025-07-14
crown/aware2/none	canlii-title	known record's A2AJ name is a variant (typo, punctuation, abbreviation, given name)	Horning v Schroeder‑Collen	2025 BCSC 1233	BCSC	2025	Horning v. Schroeder-Collen | 2025 BCSC 1698 | BCSC | 2025-09-02	Horning v. Schroeder Collen | 2025 BCSC 1233 | BCSC | 2025-07-07
crown/aware2/none	canlii-title	known record's A2AJ name is a variant (typo, punctuation, abbreviation, given name)	John Doe v Edgewood Holdings (2013) Ltd.	2025 BCSC 972	BCSC	2025	John Doe v. Edgewood Holdings (2013) Ltd. | 2025 BCSC 185 | BCSC | 2025-02-05	Doe v. Edgewood Holdings (2013) Ltd. | 2025 BCSC 972 | BCSC | 2025-05-28
crown/aware2/none	canlii-title	known record's A2AJ name is a different style (other party, other title)	Pereira v British Columbia (Labour Relations Board)	2025 BCSC 1162	BCSC	2025	Pereira v. British Columbia (Labour Relations Board) | 2025 BCSC 1346 | BCSC | 2025-06-09	Pereira v. Dexterra Group Inc | 2025 BCSC 1162 | BCSC | 2025-05-02
crown/aware2/none	canlii-title	A2AJ decision date in another year than the citation	Tench v Sullivan	2025 BCSC 294	BCSC	2025	Tench v. Sullivan | 2025 BCSC 506 | BCSC | 2025-03-13	Tench v. Sullivan | 2025 BCSC 294 | BCSC | 2024-02-24
crown/aware2/none	canlii-title	A2AJ decision date in another year than the citation	Tucker v Moore	2024 BCSC 1268	BCSC	2024	Tucker v. Moore | 2024 BCSC 427 | BCSC | 2024-03-13	Tucker v. Moore | 2024 BCSC 1268 | BCSC | 2023-07-15
crown/aware2/none	canlii-title	known record's A2AJ name is a variant (typo, punctuation, abbreviation, given name)	Sun v Mercedes-Benz Financial Services Canada Corporation	2022 BCSC 902	BCSC	2022	Sun v. Mercedes-Benz Financial Services Canada Corporation | 2022 BCSC 443 | BCSC | 2022-02-10	Sun v. Mercedes-Benz Financial Service Canada Corporation | 2022 BCSC 902 | BCSC | 2022-06-01
crown/aware2/none	canlii-title	known record's A2AJ name is a variant (typo, punctuation, abbreviation, given name)	Luminary Holding Corp. v Fyfe	2021 BCSC 1498	BCSC	2021	Luminary Holding Corp. v. Fyfe | 2021 BCSC 167 | BCSC | 2021-02-03	Luminary Holdings Corp. v. Fyfe | 2021 BCSC 1498 | BCSC | 2021-08-03
crown/aware2/none	canlii-title	known record's A2AJ name is a variant (typo, punctuation, abbreviation, given name)	Eisler v Connor, Clark & Lunn Financial Group Ltd	2021 BCSC 1988	BCSC	2021	Eisler v. Connor, Clark & Lunn Financial Group Ltd. | 2021 BCSC 1280 | BCSC | 2021-06-30	Eisler v. Conner, Clark & Lunn Financial Group Ltd | 2021 BCSC 1988 | BCSC | 2021-07-12
crown/aware2/none	canlii-title	known record's A2AJ name is a variant (typo, punctuation, abbreviation, given name)	R. v So	2021 BCSC 1072	BCSC	2021	R. v. So | 2021 BCSC 672 | BCSC | 2021-04-12	R.v. So | 2021 BCSC 1072 | BCSC | 2021-05-21
crown/aware2/none	canlii-title	known record's A2AJ name is a different style (other party, other title)	Bhumrah v McLeary	2021 BCSC 560	BCSC	2021	Bhumrah v. McLeary | 2021 BCSC 285 | BCSC | 2021-02-23	Bhumrah v.McLeary | 2021 BCSC 560 | BCSC | 2021-03-30
crown/aware2/none	canlii-title	known record's A2AJ name is a variant (typo, punctuation, abbreviation, given name)	Mee Hoi Bros. Company Ltd. v Borving Investments (Canada) Ltd.	2020 BCSC 2000	BCSC	2020	Mee Hoi Bros. Company Ltd. v. Borving Investments (Canada) Ltd. | 2020 BCSC 1999 | BCSC | 2020-12-16	Mee Hoi Bros. Company Ltd. v. Borving | 2020 BCSC 2000 | BCSC | 2020-12-16
crown/aware2/none	canlii-title	known record's A2AJ name is a variant (typo, punctuation, abbreviation, given name)	Snaw-Naw-As First Nation v Attorney General of Canada	2020 BCSC 1967	BCSC	2020	Snaw-Naw-As First Nation v. Attorney General of Canada | 2020 BCSC 979 | BCSC | 2020-06-30	Snaw-Na-As First Nation v. Attorney General of Canada | 2020 BCSC 1967 | BCSC | 2020-12-11
crown/aware2/none	canlii-title	known record's A2AJ name is a variant (typo, punctuation, abbreviation, given name)	U.S.A. v Hollaus	2020 BCSC 1165	BCSC	2020	U.S.A. v. Hollaus | 2020 BCSC 1600 | BCSC | 2020-10-01	R. v. Hollaus | 2020 BCSC 1165 | BCSC | 2020-08-07
crown/aware2/none	canlii-title	known record's A2AJ name is a variant (typo, punctuation, abbreviation, given name)	Concord Pacific Acquisitions Inc. v Oei	2020 BCSC 832	BCSC	2020	Concord Pacific Acquisitions Inc. v. Oei | 2020 BCSC 368 | BCSC | 2020-02-28	Concord Pacific Acquistions Inc. v. Oei | 2020 BCSC 832 | BCSC | 2020-06-04
crown/aware2/none	canlii-title	known record's A2AJ name is a different style (other party, other title)	Hoisington v Johnson & Johnson Inc.	2020 BCSC 431	BCSC	2020	Hoisington v. Johnson & Johnson Inc. | 2020 BCSC 1018 | BCSC | 2020-07-08	Hosington v. Johnson & Johnson Inc. | 2020 BCSC 431 | BCSC | 2020-03-24
crown/aware2/none	canlii-title	known record's A2AJ name is a variant (typo, punctuation, abbreviation, given name)	Watt v Health Sciences Association of British Columbia	2020 BCSC 280	BCSC	2020	Watt v. Health Sciences Association of British Columbia | 2020 BCSC 1494 | BCSC | 2020-10-07	Watt v. Health Science Association of British Columbia | 2020 BCSC 280 | BCSC | 2020-03-02
crown/aware2/none	canlii-title	known record's A2AJ name is a variant (typo, punctuation, abbreviation, given name)	Forjay Management Ltd. v 0981478 BC Ltd.	2019 BCSC 1129	BCSC	2019	Forjay Management Ltd. v. 0981478 B.C. Ltd. | 2019 BCSC 238 | BCSC | 2019-02-25	Forjay Management Ltd. v. 1981478 BC Ltd. | 2019 BCSC 1129 | BCSC | 2019-06-11
crown/aware2/none	canlii-title	known record's A2AJ name is a variant (typo, punctuation, abbreviation, given name)	1114829 B.C. Ltd. v Whistler (Municipality)	2019 BCSC 752	BCSC	2019	1114829 B.C. Ltd. v. Whistler (Municipality) | 2019 BCSC 984 | BCSC | 2019-06-17	1114829 B.C. Ltd. v. Whistler (Township) | 2019 BCSC 752 | BCSC | 2019-05-14
crown/aware2/none	canlii-title	known record's A2AJ name is a variant (typo, punctuation, abbreviation, given name)	Neural Capital GP, LLC v 1156062 BC Ltd.	2019 BCSC 478	BCSC	2019	Neural Capital GP, LLC v. 1156062 BC Ltd. | 2019 BCSC 2180 | BCSC | 2019-09-26	Neural Capital GP, LLC v. 11560602 BC Ltd. | 2019 BCSC 478 | BCSC | 2019-03-21
crown/aware2/none	canlii-title	known record's A2AJ name is a variant (typo, punctuation, abbreviation, given name)	Skeena Disposal Co. Ltd. v Griffin Fish Ltd.	2018 BCSC 1426	BCSC	2018	Skeena Disposal Co. Ltd. v. Griffin Fish Ltd. | 2018 BCSC 1267 | BCSC | 2018-07-27	Skeena Disposal Co. Ltd., v. Griffin Fish Ltd. | 2018 BCSC 1426 | BCSC | 2018-08-23
crown/aware2/none	canlii-title	known record's A2AJ name is a variant (typo, punctuation, abbreviation, given name)	B & L Holdings Inc. v SNFW Fitness BC Ltd.	2018 BCSC 1374	BCSC	2018	B & L Holdings Inc. v. SNFW Fitness BC Ltd. | 2018 BCSC 849 | BCSC | 2018-05-23	B & L Holdings Inc. v. SNFW Witness BC Ltd. | 2018 BCSC 1374 | BCSC | 2018-07-27
crown/aware2/none	canlii-title	A2AJ decision date in another year than the citation	Crookall v Higby	2018 BCSC 1200	BCSC	2018	Crookall v. Higby | 2018 BCSC 1544 | BCSC | 2018-09-07	Crookall v. Higby | 2018 BCSC 1200 | BCSC | 2017-07-17
crown/aware2/none	canlii-title	known record's A2AJ name is a variant (typo, punctuation, abbreviation, given name)	Imperial Metals Corporation v Knight Piésold Ltd.	2018 BCSC 1191	BCSC	2018	Imperial Metals Corporation v. Knight Piésold Ltd. | 2018 BCSC 211 | BCSC | 2018-02-14	Imperial Metals Corporation v. Knight Piesold Ltd. | 2018 BCSC 1191 | BCSC | 2018-07-16
crown/aware2/none	canlii-title	known record's A2AJ name is a variant (typo, punctuation, abbreviation, given name)	Achtymichuk v Bayer Inc.	2018 BCSC 1159	BCSC	2018	Achtymichuk v. Bayer Inc. | 2018 BCSC 776 | BCSC | 2018-05-01	Achtymichuk v. Bayer | 2018 BCSC 1159 | BCSC | 2018-07-11
crown/aware2/none	canlii-title	known record's A2AJ name is a variant (typo, punctuation, abbreviation, given name)	Ohman v Synq Access + Security Technology Limited	2018 BCSC 1001	BCSC	2018	Ohman v. Synq Access + Security Technology Limited | 2018 BCSC 1078 | BCSC | 2018-06-29	Ohman v. Synq Access + Securtiy Technology Limited | 2018 BCSC 1001 | BCSC | 2018-06-19
crown/aware2/none	canlii-title	known record's A2AJ name is a variant (typo, punctuation, abbreviation, given name)	Cirius Messaging Inc. v Epstein Enterprises Inc.	2017 BCSC 2084	BCSC	2017	Cirius Messaging Inc. v. Epstein Enterprises Inc. | 2017 BCSC 1751 | BCSC | 2017-09-29	Cirius Messaging Inc. v. Epstein | 2017 BCSC 2084 | BCSC | 2017-11-17
crown/aware2/none	canlii-title	known record's A2AJ name is a variant (typo, punctuation, abbreviation, given name)	Pacific Wagondepot Ltd. v Hudson West Development Ltd.	2017 BCSC 1593	BCSC	2017	Pacific Wagondepot Ltd. v. Hudson West Development Ltd. | 2017 BCSC 1993 | BCSC | 2017-11-03	Pacific Wagondepot Ltd. v. Hudson West Developments Ltd. | 2017 BCSC 1593 | BCSC | 2017-09-07
crown/aware2/none	canlii-title	known record's A2AJ name is a variant (typo, punctuation, abbreviation, given name)	Cullen v Henderson Heinrichs	2017 BCSC 829	BCSC	2017	Cullen v. Henderson Heinrichs | 2017 BCSC 612 | BCSC | 2017-04-13	Cullens v Henderson Heinrichs | 2017 BCSC 829 | BCSC | 2017-05-02
crown/aware2/none	canlii-title	known record's A2AJ name is a variant (typo, punctuation, abbreviation, given name)	Oleksiewicz v. Oleksiewicz	2017 BCSC 228	BCSC	2017	Oleksiewicz v. Oleksiewicz | 2017 BCSC 1687 | BCSC | 2017-09-22	Oleksiewicz v. Oleksiesicz | 2017 BCSC 228 | BCSC | 2017-02-10
crown/aware2/none	canlii-title	known record's A2AJ name is a variant (typo, punctuation, abbreviation, given name)	Mudrovcic v. Engenuity Manufacturing Solutions Ltd.	2016 BCSC 2573	BCSC	2016	Mudrovcic v. Engenuity Manufacturing Solutions Ltd. | 2016 BCSC 2574 | BCSC | 2016-09-16	Mudrovcic v. Engenuity Manufacturing Solutions | 2016 BCSC 2573 | BCSC | 2016-09-13
crown/aware2/none	canlii-title	known record's A2AJ name is a variant (typo, punctuation, abbreviation, given name)	Peace River Greenhouses Ltd. v. Taylor (District)	2016 BCSC 1455	BCSC	2016	Peace River Greenhouses Ltd. v. Taylor (District) | 2016 BCSC 1448 | BCSC | 2016-08-08	Peace River Greenhouses Ltd., v. Taylor (District) | 2016 BCSC 1455 | BCSC | 2016-08-09
crown/aware2/none	canlii-title	known record's A2AJ name is a variant (typo, punctuation, abbreviation, given name)	Hoisington v. Johnson & Johnson Inc.	2016 BCSC 807	BCSC	2016	Hoisington v. Johnson & Johnson Inc. | 2016 BCSC 1973 | BCSC | 2016-10-27	Hoisington v. Johnson & Johnson | 2016 BCSC 807 | BCSC | 2016-05-06
crown/aware2/none	canlii-title	known record's A2AJ name is a variant (typo, punctuation, abbreviation, given name)	Simmonds v. Victoria (City)	2016 BCSC 951	BCSC	2016	Simmonds v. Victoria (City) | 2016 BCSC 838 | BCSC | 2016-04-18	Simmonds v. The Corporation of the City of Victoria | 2016 BCSC 951 | BCSC | 2016-04-22
crown/aware2/none	canlii-title	known record's A2AJ name is a variant (typo, punctuation, abbreviation, given name)	Nelson v. British Columbia (Provincial Health Services Authority)	2015 BCSC 2489	BCSC	2015	Nelson v. British Columbia (Provincial Health Services Authority) | 2015 BCSC 1941 | BCSC | 2015-10-26	Nelson v. British Columbia (Provincial Health Services Authority | 2015 BCSC 2489 | BCSC | 2015-07-29
crown/aware2/none	canlii-title	A2AJ decision date in another year than the citation	Fairhurst v. Anglo American PLC	2014 BCSC 2270	BCSC	2014	Fairhurst v. Anglo American PLC | 2014 BCSC 827 | BCSC | 2014-05-12	Fairhurst v. Anglo American PLC | 2014 BCSC 2270 | BCSC | 2012-12-02
crown/aware2/none	canlii-title	known record's A2AJ name is a variant (typo, punctuation, abbreviation, given name)	Rempel Bros. Concrete Ltd. v. C.J. Smith Contracting Ltd.	2014 BCSC 1186	BCSC	2014	Rempel Bros. Concrete Ltd. v. C.J. Smith Contracting Ltd. | 2014 BCSC 1734 | BCSC | 2014-09-16	Rempel Bros. Concrete Ltd., v. C.J. Smith Contracting Ltd. | 2014 BCSC 1186 | BCSC | 2014-06-27
crown/aware2/none	canlii-title	known record's A2AJ name is a variant (typo, punctuation, abbreviation, given name)	Conseil scolaire francophone de la Colombie-Britannique v. British Columbia (Education)	2014 BCSC 851	BCSC	2014	Conseil scolaire francophone de la Colombie-Britannique v. British Columbia (Education) | 2014 BCSC 741 | BCSC | 2014-04-28	Conseil scolaire francophone de la Colombie-Britannique v. British Colubmia (Education) | 2014 BCSC 851 | BCSC | 2014-05-15
crown/aware2/none	canlii-title	known record's A2AJ name is a variant (typo, punctuation, abbreviation, given name)	Bhandal v. Khalsa Diwan Society of Victoria	2013 BCSC 1969	BCSC	2013	Bhandal v. Khalsa Diwan Society of Victoria | 2013 BCSC 1425 | BCSC | 2013-08-08	Bhandal v. Khalsa Diwan Soceity of Victoria | 2013 BCSC 1969 | BCSC | 2013-10-30
crown/aware2/none	canlii-title	known record's A2AJ name is a variant (typo, punctuation, abbreviation, given name)	Ambrosi v. British Columbia (Attorney General)	2012 BCSC 1261	BCSC	2012	Ambrosi v. British Columbia (Attorney General) | 2012 BCSC 720 | BCSC | 2012-05-17	Ambrosi v. British Columbia (Attorney General), | 2012 BCSC 1261 | BCSC | 2012-08-24
crown/aware2/none	canlii-title	known record's A2AJ name is a variant (typo, punctuation, abbreviation, given name)	Vincent v. Roche-Vincent	2012 BCSC 1233	BCSC	2012	Vincent v. Roche-Vincent | 2012 BCSC 1709 | BCSC | 2012-10-25	Vincent v. Roche-Vincent, | 2012 BCSC 1233 | BCSC | 2012-08-16
crown/aware2/none	canlii-title	known record's A2AJ name is a variant (typo, punctuation, abbreviation, given name)	British Columbia v. Lemare Lake Logging Ltd.	2012 BCSC 939	BCSC	2012	British Columbia v. Lemare Lake Logging Ltd. | 2012 BCSC 193 | BCSC | 2012-02-08	British Columbia v. Lemare Lake Logging Ltd., | 2012 BCSC 939 | BCSC | 2012-06-26
crown/aware2/none	canlii-title	known record's A2AJ name is a variant (typo, punctuation, abbreviation, given name)	Delgiglio v. British Columbia (Public Safety and Solicitor General)	2012 BCSC 803	BCSC	2012	Delgiglio v. British Columbia (Public Safety and Solicitor General) | 2012 BCSC 480 | BCSC | 2012-04-02	Delgiglio v. British Columbia (Public Safety and Solicitor General), | 2012 BCSC 803 | BCSC | 2012-05-31
crown/aware2/none	canlii-title	known record's A2AJ name is a variant (typo, punctuation, abbreviation, given name)	Butler v. Matsqui Institution (Warden)	2012 BCSC 672	BCSC	2012	Butler v. Matsqui Institution (Warden) | 2012 BCSC 1326 | BCSC | 2012-09-11	Butler v. Matsqui Institution (Warden), | 2012 BCSC 672 | BCSC | 2012-05-10
crown/aware2/none	canlii-title	known record's A2AJ name is a variant (typo, punctuation, abbreviation, given name)	Sivia v. British Columbia (Superintendent of Motor Vehicles)	2012 BCSC 515	BCSC	2012	Sivia v. British Columbia (Superintendent of Motor Vehicles) | 2012 BCSC 1030 | BCSC | 2012-07-12	Sivia v. British Columbia (Superintendent of Motor Vehicles), | 2012 BCSC 515 | BCSC | 2012-04-11
crown/aware2/none	canlii-title	known record's A2AJ name is a variant (typo, punctuation, abbreviation, given name)	van Gogh v. Goldberg	2012 BCSC 455	BCSC	2012	van Gogh v. Goldberg | 2012 BCSC 1435 | BCSC | 2012-09-28	van Gogh v. Goldberg, | 2012 BCSC 455 | BCSC | 2012-03-29
crown/aware2/none	canlii-title	known record's A2AJ name is a variant (typo, punctuation, abbreviation, given name)	Pearson v. Peninsula Consumer Services Cooperative	2012 BCSC 1725	BCSC	2012	Pearson v. Peninsula Consumer Services Cooperative | 2012 BCSC 2201 | BCSC | 2012-03-28	Pearson v.Peninsula Consumer Services Cooperative | 2012 BCSC 1725 | BCSC | 2012-01-15
crown/aware2/none	canlii-title	known record's A2AJ name is a variant (typo, punctuation, abbreviation, given name)	Arbutus Software Inc. v. ACL Services Ltd.	2012 BCSC 107	BCSC	2012	Arbutus Software Inc. v. ACL Services Ltd. | 2012 BCSC 1834 | BCSC | 2012-12-05	Arbutus Software Inc. | 2012 BCSC 107 | BCSC | 2012-01-25
crown/aware2/none	canlii-title	A2AJ decision date in another year than the citation	James (Re)	2013 BCSC 3	BCSC	2013	James (Re) | 2013 BCSC 566 | BCSC | 2013-04-03	James (Re) | 2013 BCSC 3 | BCSC | 2012-01-03
crown/aware2/none	canlii-title	known record's A2AJ name is a variant (typo, punctuation, abbreviation, given name)	Vancouver City Savings Credit Union v. Randhawa	2011 BCSC 1517	BCSC	2011	Vancouver City Savings Credit Union v. Randhawa | 2011 BCSC 1308 | BCSC | 2011-10-04	Vancouver City Savings Credit Union v. Randhawa, | 2011 BCSC 1517 | BCSC | 2011-11-08
crown/aware2/none	canlii-title	known record's A2AJ name is a variant (typo, punctuation, abbreviation, given name)	C.D.G. v. D.J.P.	2011 BCSC 1785	BCSC	2011	C.D.G. v. D.J.P. | 2011 BCSC 196 | BCSC | 2011-02-17	C.D.G. v. D.J.P., | 2011 BCSC 1785 | BCSC | 2011-11-01
crown/aware2/none	canlii-title	known record's A2AJ name is a variant (typo, punctuation, abbreviation, given name)	Emergency Health Services Commission v. Cassidy	2011 BCSC 1555	BCSC	2011	Emergency Health Services Commission v. Cassidy | 2011 BCSC 1003 | BCSC | 2011-07-14	Emergency Health Services Commission v. Cassidy, | 2011 BCSC 1555 | BCSC | 2011-10-27
crown/aware2/none	canlii-title	known record's A2AJ name is a different style (other party, other title)	Soczynski v. Cai	2011 BCSC 1258	BCSC	2011	Soczynski v. Cai | 2011 BCSC 1299 | BCSC | 2011-09-30	Soczynski v. Cain | 2011 BCSC 1258 | BCSC | 2011-09-21
crown/aware2/none	canlii-title	known record's A2AJ name is a variant (typo, punctuation, abbreviation, given name)	Gatzke v. Sidhu	2011 BCSC 1214	BCSC	2011	Gatzke v. Sidhu | 2011 BCSC 988 | BCSC | 2011-06-17	Gatzke v. Sidhu, | 2011 BCSC 1214 | BCSC | 2011-09-09
crown/aware2/none	canlii-title	known record's A2AJ name is a variant (typo, punctuation, abbreviation, given name)	C.D.G. v. D.J.P.	2011 BCSC 1438	BCSC	2011	C.D.G. v. D.J.P. | 2011 BCSC 196 | BCSC | 2011-02-17	C.D.G. v. D.J.P., | 2011 BCSC 1438 | BCSC | 2011-07-21
crown/aware2/none	canlii-title	known record's A2AJ name is a variant (typo, punctuation, abbreviation, given name)	Young v. Young	2011 BCSC 887	BCSC	2011	Young v. Young | 2011 BCSC 1712 | BCSC | 2011-12-14	Young v. Young, | 2011 BCSC 887 | BCSC | 2011-07-05
crown/aware2/none	canlii-title	known record's A2AJ name is a variant (typo, punctuation, abbreviation, given name)	Mueller v. Hussin	2011 BCSC 530	BCSC	2011	Mueller v. Hussin | 2011 BCSC 167 | BCSC | 2011-02-10	Mueller v. Hussin, | 2011 BCSC 530 | BCSC | 2011-04-28
crown/aware2/none	canlii-title	known record's A2AJ name is a variant (typo, punctuation, abbreviation, given name)	Epoch Press Inc. v. Sewak	2011 BCSC 323	BCSC	2011	Epoch Press Inc. v. Sewak | 2011 BCSC 699 | BCSC | 2011-02-02	Epoch Press Inc. v. Sewak, | 2011 BCSC 323 | BCSC | 2011-03-16
crown/aware2/none	canlii-title	known record's A2AJ name is a different style (other party, other title)	R. v. Camacho	2011 BCSC 175	BCSC	2011	R. v. Camacho | 2011 BCSC 1813 | BCSC | 2011-05-20	R. v. Comacho | 2011 BCSC 175 | BCSC | 2011-02-10
crown/aware2/none	canlii-title	known record's A2AJ name is a variant (typo, punctuation, abbreviation, given name)	R. v. A.D.	2010 BCSC 1780	BCSC	2010	R. v. A.D. | 2010 BCSC 1715 | BCSC | 2010-12-02	R. v. A.D., | 2010 BCSC 1780 | BCSC | 2010-12-09
crown/aware2/none	canlii-title	known record's A2AJ name is a variant (typo, punctuation, abbreviation, given name)	Warkentin v. Riggs	2010 BCSC 1706	BCSC	2010	Warkentin v. Riggs | 2010 BCSC 272 | BCSC | 2010-03-03	Warkentin v. Riggs, | 2010 BCSC 1706 | BCSC | 2010-12-01
crown/aware2/none	canlii-title	known record's A2AJ name is a variant (typo, punctuation, abbreviation, given name)	R. v. James	2010 BCSC 1529	BCSC	2010	R. v. James | 2010 BCSC 1891 | BCSC | 2010-05-05	R. v. James, | 2010 BCSC 1529 | BCSC | 2010-10-29
crown/aware2/none	canlii-title	known record's A2AJ name is a variant (typo, punctuation, abbreviation, given name)	Hejzlar v. Mitchell-Hejzlar	2010 BCSC 1000	BCSC	2010	Hejzlar v. Mitchell-Hejzlar | 2010 BCSC 1139 | BCSC | 2010-08-13	Hejzlar v. Hejzlar-Mitchell | 2010 BCSC 1000 | BCSC | 2010-07-19
crown/aware2/none	canlii-title	known record's A2AJ name is a variant (typo, punctuation, abbreviation, given name)	R. v. Billyard	2010 BCSC 901	BCSC	2010	R. v. Billyard | 2010 BCSC 284 | BCSC | 2010-01-05	R. v. Billyard, | 2010 BCSC 901 | BCSC | 2010-06-11
crown/aware2/none	canlii-title	known record's A2AJ name is a different style (other party, other title)	Liebrecht v. Lieder	2010 BCSC 549	BCSC	2010	Liebrecht v. Lieder | 2010 BCSC 1548 | BCSC | 2010-10-02	Liebrecht v. Leider | 2010 BCSC 549 | BCSC | 2010-04-23
crown/aware2/none	canlii-title	known record's A2AJ name is a variant (typo, punctuation, abbreviation, given name)	Horizon FX Investments Incorporated (Re)	2010 BCSC 416	BCSC	2010	Horizon FX Investments Incorporated (Re) | 2010 BCSC 913 | BCSC | 2010-06-29	Horizon FX Investments Incorporated (Re)., | 2010 BCSC 416 | BCSC | 2010-03-30
crown/aware2/none	canlii-title	known record's A2AJ name is a variant (typo, punctuation, abbreviation, given name)	Piper v. Mitsubishi Heavy Industries Ltd.	2009 BCSC 1363	BCSC	2009	Piper v. Mitsubishi Heavy Industries Ltd. | 2009 BCSC 1038 | BCSC | 2009-07-17	Piper v. Mitsubishi Heavy Industries, Ltd. | 2009 BCSC 1363 | BCSC | 2009-10-05
crown/aware2/none	canlii-title	known record's A2AJ name is a variant (typo, punctuation, abbreviation, given name)	Canadian Petcetera Limited Partnership	2009 BCSC 1135	BCSC	2009	Canadian Petcetera LImited Partnership | 2009 BCSC 520 | BCSC | 2009-04-17	Canadian Petcetera Limited Partnership v. 2876 R. Holdings Ltd. | 2009 BCSC 1135 | BCSC | 2009-08-20
crown/aware2/none	canlii-title	known record's A2AJ name is a variant (typo, punctuation, abbreviation, given name)	McDonald v. Queen of the North (Ship)	2009 BCSC 646	BCSC	2009	McDonald v. Queen of the North (Ship) | 2009 BCSC 1129 | BCSC | 2009-08-19	McDonald v. Queen of the North (Ship), | 2009 BCSC 646 | BCSC | 2009-05-14
crown/aware2/none	canlii-title	known record's A2AJ name is a different style (other party, other title)	Henri v. Seo	2009 BCSC 76	BCSC	2009	Henri v. Seo | 2009 BCSC 845 | BCSC | 2009-06-25	Henri v. Seto | 2009 BCSC 76 | BCSC | 2009-01-29
crown/aware2/none	canlii-title	known record's A2AJ name is a different style (other party, other title)	Bankruptcy of Calogheros	2008 BCSC 1695	BCSC	2008	Bankruptcy of Calogheros | 2008 BCSC 1578 | BCSC | 2008-11-17	Bankruptcy of Calogheeros | 2008 BCSC 1695 | BCSC | 2008-12-08
crown/aware2/none	canlii-title	known record's A2AJ name is a different style (other party, other title)	R. v. Unnamed Respondents	2008 BCSC 1491	BCSC	2008	R. v. Unnamed Respondents | 2008 BCSC 815 | BCSC | 2008-06-23	R. v. Unnamed Respondent | 2008 BCSC 1491 | BCSC | 2008-11-03
crown/aware2/none	canlii-title	known record's A2AJ name is a variant (typo, punctuation, abbreviation, given name)	R. v. Tommy	2008 BCSC 1845	BCSC	2008	R. v. Tommy | 2008 BCSC 1095 | BCSC | 2008-08-14	R. v. Tommy, | 2008 BCSC 1845 | BCSC | 2008-07-07
crown/aware2/none	canlii-title	known record's A2AJ name is a different style (other party, other title)	R. v. Noble	2008 BCSC 215	BCSC	2008	R. v. Noble | 2008 BCSC 216 | BCSC | 2008-02-04	R. v. Fawcett | 2008 BCSC 215 | BCSC | 2008-02-04
crown/aware2/none	canlii-title	known record filed under another A2AJ dataset	Hann v. Oldroyd	2007 BCSC 1280	BCSC	2007	Hann v. Oldroyd | 2007 BCSC 866 | BCSC | 2007-06-15	Hann v. Oldroyd | 2007 BCSC 1280 | BCCA | 2007-08-23
crown/aware2/none	canlii-title	known record's A2AJ name is a different style (other party, other title)	R. v. M.L.M.	2005 BCSC 554	BCSC	2005	R. v. M.L.M. | 2005 BCSC 385 | BCSC | 2005-03-18	R. v. McIsaac | 2005 BCSC 554 | BCSC | 2005-04-13
crown/aware2/none	canlii-title	known record's A2AJ name is a different style (other party, other title)	J.L.G. v. A.W.W. et al.	2004 BCSC 1123	BCSC	2004	J.L.G. v. A.W.W. et al. | 2004 BCSC 1781 | BCSC | 2004-11-17	Griffith v. Winter et al. | 2004 BCSC 1123 | BCSC | 2004-08-25
crown/aware2/none	canlii-title	known record's A2AJ name is a different style (other party, other title)	William et al v. HMTQ et al	2004 BCSC 610	BCSC	2004	William et al v. HMTQ et al | 2004 BCSC 549 | BCSC | 2004-04-26	William v. British Columbia | 2004 BCSC 610 | BCSC | 2004-05-06
crown/aware2/none	canlii-title	known record's A2AJ name is a different style (other party, other title)	Bankruptcy of Surinder Singh Mann	2003 BCSC 1243	BCSC	2003	Bankruptcy of Surinder Singh Mann | 2003 BCSC 1829 | BCSC | 2003-12-05	Mann (Re) | 2003 BCSC 1243 | BCSC | 2003-08-08
crown/aware2/none	canlii-title	known record's A2AJ name is a variant (typo, punctuation, abbreviation, given name)	Glenayre Manufacturing Ltd. v. Pilot Pacific Properties Inc.	2003 BCSC 1076	BCSC	2003	Glenayre Manufacturing Ltd. v Pilot Pacific Properties Inc. | 2003 BCSC 680 | BCSC | 2003-04-30	Glenayre Manufacturing Ltd. v.Pilot Pacific Properties Inc. | 2003 BCSC 1076 | BCSC | 2003-07-08
crown/aware2/none	canlii-title	known record's A2AJ name is a different style (other party, other title)	R. v. Stubinski	2002 BCSC 614	BCSC	2002	R. v. Stubinski | 2002 BCSC 612 | BCSC | 2002-04-02	R. v.Stubinski | 2002 BCSC 614 | BCSC | 2002-04-09
crown/aware2/none	canlii-title	known record's A2AJ name is a different style (other party, other title)	R. v. Stubinski	2002 BCSC 613	BCSC	2002	R. v. Stubinski | 2002 BCSC 612 | BCSC | 2002-04-02	R. v.Stubinski | 2002 BCSC 613 | BCSC | 2002-04-09
crown/aware2/none	canlii-title	known record's A2AJ name is a different style (other party, other title)	Grant v. Grant	2001 BCSC 1888	BCSC	2001	Grant v. Grant | 2001 BCSC 1289 | BCSC | 2001-09-12	Grant v. Grant Date: 20010824 | 2001 BCSC 1888 | BCSC | 2001-08-24
crown/aware2/none	canlii-title	known record's A2AJ name is a variant (typo, punctuation, abbreviation, given name)	Nelson v. Nelson	2000 BCSC 1402	BCSC	2000	Nelson v. Nelson | 2000 BCSC 1276 | BCSC | 2000-08-25	Nelson v.Nelson | 2000 BCSC 1402 | BCSC | 2000-09-22
crown/aware2/none	canlii-title	known record's A2AJ name is a variant (typo, punctuation, abbreviation, given name)	Carlock v. ExxonMobil Canada Holdings ULC	2020 YKCA 4	YKCA	2020	Carlock v. ExxonMobil Canada Holdings ULC | 2020 YKCA 9 | YKCA | 2020-04-30	Carlock v. ExxonMobile Canada Holdings ULC | 2020 YKCA 4 | YKCA | 2020-02-07
crown/aware2/none	canlii-title	A2AJ decision date in another year than the citation	R v. Nicholson	2024 NSSC 413	NSSC	2024	R v. Nicholson | 2024 NSSC 412 | NSSC | 2024-11-22	R v. Nicholson | 2024 NSSC 413 | NSSC | 2025-02-14
crown/aware2/none	canlii-title	A2AJ decision date in another year than the citation	R. v. W.F.	2023 NSSC 281	NSSC	2023	R. v. W.F. | 2023 NSSC 282 | NSSC | 2023-07-07	R. v. W.F. | 2023 NSSC 281 | NSSC | 2022-09-20
crown/aware2/none	canlii-title	A2AJ decision date in another year than the citation	R. v. W.F.	2023 NSSC 280	NSSC	2023	R. v. W.F. | 2023 NSSC 282 | NSSC | 2023-07-07	R. v. W.F. | 2023 NSSC 280 | NSSC | 2022-04-08
crown/aware2/none	canlii-title	A2AJ decision date in another year than the citation	R. v. W.F.	2023 NSSC 279	NSSC	2023	R. v. W.F. | 2023 NSSC 282 | NSSC | 2023-07-07	R. v. W.F. | 2023 NSSC 279 | NSSC | 2022-03-22
crown/aware2/none	canlii-title	A2AJ decision date in another year than the citation	R. v. W.F.	2023 NSSC 277	NSSC	2023	R. v. W.F. | 2023 NSSC 282 | NSSC | 2023-07-07	R. v. W.F. | 2023 NSSC 277 | NSSC | 2021-08-17
crown/aware2/none	canlii-title	A2AJ decision date in another year than the citation	R. v. W.F.	2023 NSSC 278	NSSC	2023	R. v. W.F. | 2023 NSSC 282 | NSSC | 2023-07-07	R. v. W.F. | 2023 NSSC 278 | NSSC | 2021-08-17
crown/aware2/none	canlii-title	A2AJ decision date in another year than the citation	R. v. W.F.	2023 NSSC 276	NSSC	2023	R. v. W.F. | 2023 NSSC 282 | NSSC | 2023-07-07	R. v. W.F. | 2023 NSSC 276 | NSSC | 2021-06-21
crown/aware2/none	canlii-title	A2AJ decision date in another year than the citation	R. v. W.F.	2023 NSSC 275	NSSC	2023	R. v. W.F. | 2023 NSSC 282 | NSSC | 2023-07-07	R. v. W.F. | 2023 NSSC 275 | NSSC | 2020-12-02
crown/aware2/none	canlii-title	known record's A2AJ name is a variant (typo, punctuation, abbreviation, given name)	Barnhart v. Hawes	2017 NSSC 56	NSSC	2017	Barnhart v. Hawes | 2017 NSSC 249 | NSSC | 2017-09-21	Hawes v. Barnhart | 2017 NSSC 56 | NSSC | 2017-03-10
crown/aware2/none	canlii-title	known record's A2AJ name is a variant (typo, punctuation, abbreviation, given name)	Nova Scotia (Community Services) v. Birth Registration # 2016-02-002781	2017 NSSC 27	NSSC	2017	Nova Scotia (Community Services) v. Birth Registration # 2016-02-002781 | 2017 NSSC 95 | NSSC | 2017-03-29	Nova Scotia (Community Services) v. Birth Registration #2016-02-002781 | 2017 NSSC 27 | NSSC | 2017-02-02
crown/aware2/none	canlii-title	A2AJ decision date in another year than the citation	Bridgewater (Town) v. South Shore Regional School Board	2017 NSSC 25	NSSC	2017	Bridgewater (Town) v. South Shore Regional School Board | 2017 NSSC 73 | NSSC | 2017-03-20	Bridgewater (Town) v. South Shore Regional School Board | 2017 NSSC 25 | NSSC | 2016-12-20
crown/aware2/none	canlii-title	known record's A2AJ name is a different style (other party, other title)	McInnis v. Stone	2016 NSSC 212	NSSC	2016	McInnis v. Stone | 2016 NSSC 69 | NSSC | 2016-03-04	McInnis v. Slone | 2016 NSSC 212 | NSSC | 2016-08-12
crown/aware2/none	canlii-title	known record's A2AJ name is a variant (typo, punctuation, abbreviation, given name)	MacNutt v. Acadia University	2016 NSSC 160	NSSC	2016	MacNutt v. Acadia University | 2016 NSSC 208 | NSSC | 2016-08-09	MacNutt v. Acaida University | 2016 NSSC 160 | NSSC | 2016-06-21
crown/aware2/none	canlii-title	known record's A2AJ name is a different style (other party, other title)	Sweetland v. GlaxoSmithKline Inc.	2016 NSSC 139	NSSC	2016	Sweetland v. GlaxoSmithKline Inc. | 2016 NSSC 18 | NSSC | 2016-01-15	M.H.B. v. A.B. | 2016 NSSC 139 | NSSC | 2016-05-24
crown/aware2/none	canlii-title	known record's A2AJ name is a variant (typo, punctuation, abbreviation, given name)	Nova Scotia (Community Services) v J.M.	2016 NSSC 80	NSSC	2016	Nova Scotia (Community Services) v. J.M. | 2016 NSSC 22 | NSSC | 2016-01-08	Nova Scotia (Community Services) v. L.M. | 2016 NSSC 80 | NSSC | 2016-04-01
crown/aware2/none	canlii-title	known record's A2AJ name is a variant (typo, punctuation, abbreviation, given name)	Veno v.  Ensor Estate	2013 NSSC 335	NSSC	2013	Veno v. Ensor Estate | 2013 NSSC 377 | NSSC | 2013-11-22	Veno v. Esnor Estate | 2013 NSSC 335 | NSSC | 2013-10-18
crown/aware2/none	canlii-title	known record's A2AJ name is a different style (other party, other title)	R. v. Eisnor	2013 NSSC 241	NSSC	2013	R. v. Eisnor | 2013 NSSC 263 | NSSC | 2013-08-16	R. v. Eisner | 2013 NSSC 241 | NSSC | 2013-07-05
crown/aware2/none	canlii-title	known record's A2AJ name is a variant (typo, punctuation, abbreviation, given name)	3209292 Nova Scotia Ltd. v. MacDuff	2011 NSSC 483	NSSC	2011	3209292 Nova Scotia Ltd. v. MacDuff | 2011 NSSC 363 | NSSC | 2011-10-07	320292 Nova Scotia Ltd. v. MacDuff | 2011 NSSC 483 | NSSC | 2011-12-22
crown/aware2/none	canlii-title	known record's A2AJ name is a variant (typo, punctuation, abbreviation, given name)	Bradley v. Canada (Correctional Service)	2011 NSSC 463	NSSC	2011	Bradley v. Canada (Correctional Service) | 2011 NSSC 503 | NSSC | 2011-12-15	Bradley v. Canada (Correctional Services) | 2011 NSSC 463 | NSSC | 2011-12-06
crown/aware2/none	canlii-title	known record's A2AJ name is a variant (typo, punctuation, abbreviation, given name)	Leigh v. Belfast Mini-Mills	2011 NSSC 303	NSSC	2011	Leigh v. Belfast Mini-Mills | 2011 NSSC 300 | NSSC | 2011-07-20	Leigh v. Belfast Mini-Mills Ltd. | 2011 NSSC 303 | NSSC | 2011-07-25
crown/aware2/none	canlii-title	known record's A2AJ name is a different style (other party, other title)	M.M. v. R.M.	2011 NSSC 138	NSSC	2011	M.M. v. R.M. | 2011 NSSC 224 | NSSC | 2011-06-07	Marchand v. Marchand | 2011 NSSC 138 | NSSC | 2011-04-07
crown/aware2/none	canlii-title	known record's A2AJ name is a variant (typo, punctuation, abbreviation, given name)	Geophysical Service Inc. v. Sable Mary Seismic Inc.	2011 NSSC 67	NSSC	2011	Geophysical Service Inc. v. Sable Mary Seismic Inc. | 2011 NSSC 71 | NSSC | 2011-02-16	Geophysical Services Inc. v. Sable Mary Seismic Inc. | 2011 NSSC 67 | NSSC | 2011-02-15
crown/aware2/none	canlii-title	known record's A2AJ name is a variant (typo, punctuation, abbreviation, given name)	Lawton’s Drug Stores Ltd. v. Zinck	2009 NSSC 243	NSSC	2009	Lawton's Drug Stores Ltd. v. Zinck | 2009 NSSC 208 | NSSC | 2009-05-29	Lawton's Drug Stores v. Zinck | 2009 NSSC 243 | NSSC | 2009-08-13
crown/aware2/none	canlii-title	known record's A2AJ name is a variant (typo, punctuation, abbreviation, given name)	Sensor Technology Ltd. v. Geospectrum Technologies Inc.	2009 NSSC 213	NSSC	2009	Sensor Technology Ltd. v. Geospectrum Technologies Inc. | 2009 NSSC 13 | NSSC | 2009-01-14	Sensor Technologies Ltd. v. Geospectrum Technologies Inc. | 2009 NSSC 213 | NSSC | 2009-07-03
crown/aware2/none	canlii-title	known record's A2AJ name is a variant (typo, punctuation, abbreviation, given name)	L&B Electric Ltd. v. Oickle	2005 NSSC 225	NSSC	2005	L&B Electric Ltd. v. Oickle | 2005 NSSC 110 | NSSC | 2005-05-10	L & B Electric Ltd. v. Oickle | 2005 NSSC 225 | NSSC | 2005-08-12
crown/aware2/none	canlii-title	known record's A2AJ name is a variant (typo, punctuation, abbreviation, given name)	Banco De Inversion Y Comercio Exterior S.A. v. Bank of Nova Scotia	2005 NSSC 109	NSSC	2005	Banco De Inversion Y Comercio Exterior S.A. .v. Bank of Nova Scotia | 2005 NSSC 169 | NSSC | 2005-06-22	Banco De Inversion Y Comercia Exterior S.A. v. Bank of Nova Scotia | 2005 NSSC 109 | NSSC | 2005-05-06
crown/aware2/none	canlii-title	known record's A2AJ name is a different style (other party, other title)	R. v. Clarke	2005 NSSC 123	NSSC	2005	R. v. Clarke | 2005 NSSC 247 | NSSC | 2005-07-21	R. v. N.E.C. | 2005 NSSC 123 | NSSC | 2005-04-29
crown/aware2/none	canlii-title	known record's A2AJ name is a different style (other party, other title)	Little v. Chignecto	2004 NSSC 204	NSSC	2004	Little v. Chignecto | 2004 NSSC 265 | NSSC | 2004-12-16	Little v. Chignecto Central Regional School Board | 2004 NSSC 204 | NSSC | 2004-10-12
crown/aware2/none	canlii-title	A2AJ decision date in another year than the citation	Wentzell v. Wentzell	2004 NSSC 48	NSSC	2004	Wentzell v. Wentzell | 2004 NSSC 107 | NSSC | 2004-06-02	Wentzell v. Wentzell | 2004 NSSC 48 | NSSC | 2003-06-04
crown/aware2/none	canlii-title	A2AJ decision date in another year than the citation	MacDonald v. MacDonald	2003 NSSC 8	NSSC	2003	MacDonald v. MacDonald | 2003 NSSF 8 | NSSC | 2003-02-24	MacDonald v. MacDonald | 2003 NSSC 8 | NSSC | 2002-01-15
crown/aware2/none	canlii-title	A2AJ decision date in another year than the citation	R. v. Dann	2002 NSSC 37	NSSC	2002	R. v. Dann | 2002 NSSC 237 | NSSC | 2002-10-25	R. v. Dann | 2002 NSSC 37 | NSSC | 2001-10-30
crown/aware2/none	canlii-title	known record's A2AJ name is a different style (other party, other title)	Berbaum Estate v. Silver	2001 NSSC 55	NSSC	2001	Berbaum Estate v. Silver | 2001 NSSC 36 | NSSC | 2001-02-14	Blynn v. Silver | 2001 NSSC 55 | NSSC | 2001-04-04
crown/aware2/none	canlii-title	known record's A2AJ name is a different style (other party, other title)	Ross v. Vintage Stove & Fireplace Ltd.	2015 NSSM 21	NSSM	2015	Ross v. Vintage Stove & Fireplace Ltd | 2015 NSSM 28 | NSSM | 2015-06-29	Wawanesa Mutual Insurance Company v. Moulton | 2015 NSSM 21 | NSSM | 2015-05-05
crown/aware2/none	canlii-title	known record's A2AJ name is a different style (other party, other title)	McInnes Cooper v. Slaunwhite	2004 NSSM 32	NSSM	2004	McInnes Cooper v. Slaunwhite | 2004 NSSM 3 | NSSM | 2004-03-05	Clarke v. Our Neighbourhood Living Society | 2004 NSSM 32 | NSSM | 2004-04-30
crown/aware2/none	canlii-title	known record's A2AJ name is a variant (typo, punctuation, abbreviation, given name)	Public Service Alliance of Canada v. Canada (Attorney General)	2015 FCA 273	FCA	2015	Public Service Alliance of Canada v. Canada (Attorney General) | 2015 FCA 174 / 2015 CAF 174 | FCA | 2015-07-28	Canada (Attorney General) v. Public Service Alliance of Canada | 2015 FCA 273 / 2015 CAF 273 | FCA | 2015-11-30
crown/aware2/none	canlii-title	known record's A2AJ name is a variant (typo, punctuation, abbreviation, given name)	Apotex Inc. v. Sanofi-Aventis	2013 FCA 186	FCA	2013	Apotex Inc. v. Sanofi-Aventis | 2013 FCA 187 / 2013 CAF 187 | FCA | 2013-07-24	Sanofi-Aventis v. Apotex Inc. | 2013 FCA 186 / 2013 CAF 186 | FCA | 2013-07-24
crown/aware2/none	canlii-title	known record's A2AJ name is a variant (typo, punctuation, abbreviation, given name)	Toronto-Dominion Bank v. Canada	2010 FCA 174	FCA	2010	Toronto-Dominion Bank v. Canada | 2010 FCA 73 / 2010 CAF 73 | FCA | 2010-03-10	Toronto Dominion Bank v. Canada | 2010 FCA 174 / 2010 CAF 174 | FCA | 2010-06-30
crown/aware2/none	canlii-title	known record's A2AJ name is a variant (typo, punctuation, abbreviation, given name)	Unilin Beheer B.V. v. 6035558 Canada Inc.	2025 FC 552	FC	2025	Unilin Beheer B.V. v. 6035558 Canada Inc. | 2025 FC 1949 | FC | 2025-10-08	Beheer B.V. v. 6035558 Canada Inc. | 2025 FC 552 | FC | 2025-03-25
crown/aware2/none	canlii-title	known record's A2AJ name is a variant (typo, punctuation, abbreviation, given name)	Bell Media Inc. v. Marshall Macciacchera (Smoothstreams.tv)	2025 FC 461	FC	2025	Bell Media Inc. v. Marshall Macciacchera (Smoothstreams.tv) | 2025 FC 1378 / 2025 CF 1378 | FC | 2025-08-15	Bell Media Inc. v. Marshall Macciacchera | 2025 FC 461 | FC | 2025-03-13
crown/aware2/none	canlii-title	known record's A2AJ name is a variant (typo, punctuation, abbreviation, given name)	South Shore Trading Co. Ltd. v. Canada (Fisheries, Oceans and Coast Guard)	2025 FC 174	FC	2025	South Shore Trading Co. Ltd. v. Canada (Fisheries, Oceans and Coast Guard) | 2025 FC 322 | FC | 2025-02-19	South Shore Trading Co. Ltd. v. Canada (Fisheries and Oceans) | 2025 FC 174 / 2025 CF 174 | FC | 2025-01-28
crown/aware2/none	canlii-title	known record's A2AJ name is a variant (typo, punctuation, abbreviation, given name)	Izz v. Canada (Attorney General)	2025 FC 31	FC	2025	Izz v. Canada (Attorney General) | 2025 FC 1007 | FC | 2025-06-04	Izz v. Canada (the Attorney General) | 2025 FC 31 | FC | 2025-01-06
crown/aware2/none	canlii-title	known record's A2AJ name is a different style (other party, other title)	Sea Tow Services International, Inc. v. C-Tow Marine Assistance Ltd.	2025 FC 27	FC	2025	Sea Tow Services International, Inc. v. C-Tow Marine Assistance Ltd. | 2025 FC 335 | FC | 2025-02-20	Sea Two v C-Town | 2025 FC 27 / 2025 CF 27 | FC | 2025-01-06
crown/aware2/none	canlii-title	known record's A2AJ name is a different style (other party, other title)	A.B. v. Canada	2025 FC 16	FC	2025	A.B. v. Canada | 2025 FC 282 / 2025 CF 282 | FC | 2025-02-13	Robillard v. Canada | 2025 FC 16 / 2025 CF 16 | FC | 2025-01-03
crown/aware2/none	canlii-title	known record's A2AJ name is a variant (typo, punctuation, abbreviation, given name)	Remitbee Incorporated v. Remitly, Inc.	2024 FC 2028	FC	2024	Remitbee Incorporated v. Remitly, Inc. | 2024 FC 1211 / 2024 CF 1211 | FC | 2024-07-30	Remitbee Incorporated v. Remitly Inc. | 2024 FC 2028 | FC | 2024-12-20
crown/aware2/none	canlii-title	known record's A2AJ name is a variant (typo, punctuation, abbreviation, given name)	Armour Transport Inc v. 2098763 Alberta Ltd. (Armour Trucking of Edmonton)	2024 FC 2017	FC	2024	Armour Transport Inc. v. 2098763 Alberta Ltd. (Armour Trucking of Edmonton) | 2024 FC 2006 | FC | 2024-12-11	Armour Transport Inc v. 2098763 Alberta Ltd | 2024 FC 2017 | FC | 2024-12-11
crown/aware2/none	canlii-title	known record's A2AJ name is a different style (other party, other title)	Canadian Security Intelligence Service Act (CA) (Re)	2024 FC 1689	FC	2024	Canadian Security Intelligence Service Act (CA) (Re) | 2022 FC 645 / 2022 CF 645 | FC | 2024-06-13	In the matter of an application by [_..._] for warrants pursuant to Section 16 and 21 of the Canadian Security Intelligence Service Act | 2024 FC 1689 / 2024 CF 1689 | FC | 2024-10-24
crown/aware2/none	canlii-title	known record's A2AJ name is a different style (other party, other title)	Pelletier v. Canada (Attorney General)	2024 FC 1669	FC	2024	Pelletier v. Canada (Attorney General) | 2024 FC 506 / 2024 CF 506 | FC | 2024-04-02	Pelletier v. Veterans Review | 2024 FC 1669 | FC | 2024-10-22
crown/aware2/none	canlii-title	known record's A2AJ name is a different style (other party, other title)	Brass v. Key First Nation	2024 FC 1074	FC	2024	Brass v. Key First Nation | 2024 FC 1226 / 2024 CF 1226 | FC | 2024-08-06	Brass v. Clinton KEY | 2024 FC 1074 / 2024 CF 1074 | FC | 2024-07-09
crown/aware2/none	canlii-title	known record's A2AJ name is a variant (typo, punctuation, abbreviation, given name)	Canada (Public Safety and Emergency Preparedness) v. Dos Santos Freitas	2024 FC 973	FC	2024	Canada (Public Safety and Emergency Preparedness) v. Dos Santos Freitas | 2024 FC 608 / 2024 CF 608 | FC | 2024-04-22	Canada (Public Safety and Emergency Preparedness) v. Freitas | 2024 FC 973 / 2024 CF 973 | FC | 2024-06-24
crown/aware2/none	canlii-title	known record named in French only	Lill v. Canada (Attorney General)	2024 FC 663	FC	2024	Lill v. Canada (Attorney General) | 2024 FC 664 / 2024 CF 664 | FC | 2024-05-01	Lill c. Canada (Procureur Général) | 2024 CF 663 | FC | 2024-05-01
crown/aware2/none	canlii-title	known record's A2AJ name is a variant (typo, punctuation, abbreviation, given name)	Brass v. Key First Nation	2024 FC 304	FC	2024	Brass v. Key First Nation | 2024 FC 1226 / 2024 CF 1226 | FC | 2024-08-06	Brass v. Key | 2024 FC 304 | FC | 2024-02-26
crown/aware2/none	canlii-title	known record's A2AJ name is a variant (typo, punctuation, abbreviation, given name)	Uddin v. Canada (Citizenship and Immigration)	2024 FC 295	FC	2024	Uddin v. Canada (Citizenship and Immigration) | 2024 FC 1190 / 2024 CF 1190 | FC | 2024-07-26	Fareed v. Canada (Citizenship and Immigration) | 2024 FC 295 | FC | 2024-02-22
crown/aware2/none	canlii-title	known record's A2AJ name is a variant (typo, punctuation, abbreviation, given name)	Singh v. Canada (Immigration, Refugees and Citizenship)	2024 FC 122	FC	2024	Singh v. Canada (Immigration, Refugees and Citizenship) | 2024 FC 1479 / 2024 CF 1479 | FC | 2024-09-19	Singh v. Canada (Citizenship and Immigration) | 2024 FC 122 | FC | 2024-01-25
crown/aware2/none	canlii-title	known record named in French only	Ma v. Canada (Citizenship and Immigration)	2023 FC 1340	FC	2023	M.A. v. Canada (Citizenship and Immigration) | 2023 FC 1205 / 2023 CF 1205 | FC | 2023-09-07	Ma c. Canada (Citoyenneté et Immigration) | 2023 CF 1340 | FC | 2023-10-10
crown/aware2/none	canlii-title	known record's A2AJ name is a variant (typo, punctuation, abbreviation, given name)	Canada (Privacy Commissioner) v. Facebook, Inc.	2023 FC 94	FC	2023	Canada (Privacy Commissioner) v. Facebook, Inc. | 2023 FC 533 / 2023 CF 533 | FC | 2023-04-13	Privacy Commissioner of Canada v. Facebook, Inc. | 2023 FC 94 / 2023 CF 94 | FC | 2023-01-19
crown/aware2/none	canlii-title	A2AJ decision date in another year than the citation	Ye v. Canada (Citizenship and Immigration)	2022 FC 1767	FC	2022	Ye v. Canada (Citizenship and Immigration) | 2022 FC 28 / 2022 CF 28 | FC | 2022-01-11	Ye v. Canada (Citizenship and Immigration) | 2022 FC 1767 | FC | 2023-01-18
crown/aware2/none	canlii-title	known record's A2AJ name is a variant (typo, punctuation, abbreviation, given name)	Dragona Carpet Supplies Mississauga Inc v. Dragona Carpet Supplies Ltd	2022 FC 1200	FC	2022	Dragona Carpet Supplies Mississauga Inc. v. Dragona Carpet Supplies Ltd. | 2022 FC 1042 / 2022 CF 1042 | FC | 2022-07-14	Dragona Carpet Supplies Mississauga inc. v. Dragona Carpet Carpet Supplies Ltd. | 2022 FC 1200 | FC | 2022-08-15
crown/aware2/none	canlii-title	A2AJ decision date in another year than the citation	Wi-LAN Inc. v. Apple Canada Inc.	2022 FC 974	FC	2022	Wi-Lan Inc. v. Apple Canada Inc. | 2022 FC 276 / 2022 CF 276 | FC | 2022-02-28	Wi-LAN Inc. v. Apple Canada Inc. | 2022 FC 974 / 2022 CF 974 | FC | 2021-07-04
crown/aware2/none	canlii-title	known record's A2AJ name is a variant (typo, punctuation, abbreviation, given name)	Yurtsever v. Canada (Citizenship and Immigration)	2020 FC 132	FC	2020	Yurtsever v. Canada (Citizenship and Immigration) | 2020 FC 312 / 2020 CF 312 | FC | 2020-02-28	Braud v. Canada (Citizenship and Immigration) | 2020 FC 132 / 2020 CF 132 | FC | 2020-01-27
crown/aware2/none	canlii-title	A2AJ decision date in another year than the citation	Cadostin v. Canada (Attorney General)	2019 FC 831	FC	2019	Cadostin v. Canada (Attorney General) | 2019 FC 1198 / 2019 CF 1198 | FC | 2019-09-23	Cadostin v. Canada (Attorney General) | 2019 FC 831 / 2020 CF 831 | FC | 2020-01-31
crown/aware2/none	canlii-title	A2AJ decision date in another year than the citation	Bayer Inc. v. Teva Canada Limited	2019 FC 1370	FC	2019	Bayer Inc. v. Teva Canada Limited | 2019 FC 1039 / 2019 CF 1039 | FC | 2019-08-01	Bayer Inc. v. Teva Canada Limited | 2019 FC 1370 / 2019 CF 1370 | FC | 2016-05-12
crown/aware2/none	canlii-title	known record's A2AJ name is a variant (typo, punctuation, abbreviation, given name)	Cameco Corporation v. MCP Altona (The Ship)	2013 FC 1264	FC	2013	Cameco Corporation v. MCP Altona (The Ship) | 2013 FC 23 / 2013 CF 23 | FC | 2013-01-10	Cameco Corporation v. "MCP Altona" (The Ship) | 2013 FC 1264 / 2013 CF 1264 | FC | 2013-12-19
crown/aware2/none	canlii-title	known record's A2AJ name is a variant (typo, punctuation, abbreviation, given name)	Cameco Corporation v. MCP Altona (The Ship)	2013 FC 1263	FC	2013	Cameco Corporation v. MCP Altona (The Ship) | 2013 FC 23 / 2013 CF 23 | FC | 2013-01-10	Cameco Corporation v. "MCP Altona" (The Ship) | 2013 FC 1263 / 2013 CF 1263 | FC | 2013-12-19
crown/aware2/none	canlii-title	known record's A2AJ name is a variant (typo, punctuation, abbreviation, given name)	Sidhu v. Canada (Citizenship and Immigration)	2012 FC 1533	FC	2012	Sidhu v. Canada (Citizenship and Immigration) | 2012 FC 515 / 2012 CF 515 | FC | 2012-05-03	Singh Sidhu v. Canada (Citizenship and Immigration) | 2012 FC 1533 / 2012 CF 1533 | FC | 2012-12-20
crown/aware2/none	canlii-title	known record's A2AJ name is a variant (typo, punctuation, abbreviation, given name)	Jhajj v. Canada (Citizenship and Immigration)	2012 FC 512	FC	2012	Jhajj v. Canada (Citizenship and Immigration) | 2012 FC 588 / 2012 CF 588 | FC | 2012-05-16	Singh Jhajj v. Canada (Citizenship and Immigration) | 2012 FC 512 / 2012 CF 512 | FC | 2012-05-03
crown/aware2/none	canlii-title	known record's A2AJ name is a variant (typo, punctuation, abbreviation, given name)	Public Mobile Inc. v. Canada (Attorney General)	2011 FC 130	FC	2011	Public Mobile Inc. v. Canada (Attorney General) | 2011 FC 267 / 2011 CF 267 | FC | 2011-03-07	Public Mobile v. Canada (Attorney General) | 2011 FC 130 / 2011 CF 130 | FC | 2011-02-04
crown/aware2/none	canlii-title	known record's A2AJ name is a variant (typo, punctuation, abbreviation, given name)	Khadr v. Canada (Prime Minister)	2010 FC 715	FC	2010	Khadr v. Canada (Prime Minister) | 2010 FC 560 / 2010 CF 560 | FC | 2010-05-20	Khadr v. Canada | 2010 FC 715 / 2010 CF 715 | FC | 2010-07-05
crown/aware2/none	canlii-title	known record's A2AJ name is a variant (typo, punctuation, abbreviation, given name)	Ezokola v. Canada (Citizenship and Immigration)	2010 FC 662	FC	2010	Ezokola v. Canada (Citizenship and Immigration) | 2010 FC 725 / 2010 CF 725 | FC | 2010-07-02	Ezokola v. Canada (Citoyenneté et Immigration) | 2010 FC 662 / 2010 CF 662 | FC | 2010-06-17
crown/aware2/none	canlii-title	known record's A2AJ name is a different style (other party, other title)	Canada (Citizenship and Immigration) v. Jaballah	2009 FC 33	FC	2009	Canada (Citizenship and Immigration) v. Jaballah | 2009 FC 645 / 2009 CF 645 | FC | 2009-06-18	Canada (Citizenship and Immigration) v. Canada (Public Safety and Emergency Preparedness) | 2009 FC 33 / 2009 CF 33 | FC | 2009-01-15
crown/aware2/none	canlii-title	A2AJ decision date in another year than the citation	Harkat v. Canada (Citizenship and Immigration)	2008 FC 198	FC	2008	Harkat v. Canada (Citizenship and Immigration) | 2008 FC 595 / 2008 CF 595 | FC | 2008-05-14	Harkat v. Canada (Citizenship and Immigration) | 2008 FC 198 / 2008 CF 198 | FC | 2006-02-18
crown/aware2/none	canlii-title	A2AJ decision date in another year than the citation	Singh Gill v. Canada (Citizenship and Immigration)	2008 FC 27	FC	2008	Singh Gill v. Canada (Citizenship and Immigration) | 2008 FC 365 / 2008 CF 365 | FC | 2008-03-20	Singh Gill v. Canada (Citizenship and Immigration) | 2008 FC 27 / 2008 CF 27 | FC | 2007-01-08
crown/aware2/none	canlii-title	A2AJ decision date in another year than the citation	Zhu v. Canada (Citizenship and Immigration)	2008 FC 5	FC	2008	Zhu v. Canada (Citizenship and Immigration) | 2008 FC 1066 / 2008 CF 1066 | FC | 2008-09-23	Zhu v. Canada (Citizenship and Immigration) | 2008 FC 5 / 2008 CF 5 | FC | 2007-01-04
crown/aware2/none	canlii-title	known record's A2AJ name is a variant (typo, punctuation, abbreviation, given name)	Emall.Ca Inc (Cheaptickets.Ca) v. Cheap Tickets and Travel Inc.	2007 FC 243	FC	2007	Emall.ca inc. (cheaptickets.ca) v. Cheap Tickets and Travel Inc. | 2007 FC 635 / 2007 CF 635 | FC | 2007-06-14	Emall.Ca Inc (Cheap Tickets.Ca) v. Cheap Tickets and Travel Inc. | 2007 FC 243 / 2007 CF 243 | FC | 2007-03-02
crown/aware2/none	canlii-title	known record's A2AJ name is a variant (typo, punctuation, abbreviation, given name)	Sing v. Canada (Minister of Citizenship and Immigration)	2006 FC 672	FC	2006	Sing v. Canada (Minister of Citizenship and Immigration) | 2006 FC 473 / 2006 CF 473 | FC | 2006-04-11	Lai v. Canada (Minister of Citizenship and Immigration) | 2006 FC 672 / 2006 CF 672 | FC | 2006-06-01
crown/aware2/none	canlii-title	A2AJ decision date in another year than the citation	Contour Optik Inc. v. Viva Canada Inc.	2005 FC 1687	FC	2005	Contour Optik Inc. v. Viva Canada Inc. | 2005 FC 724 / 2005 CF 724 | FC | 2005-05-19	Contour Optik Inc. v. Viva Canada Inc. | 2005 FC 1687 / 2005 CF 1687 | FC | 2006-01-20
crown/aware2/none	canlii-title	known record's A2AJ name is a variant (typo, punctuation, abbreviation, given name)	Contreras v. Canada (Minister of Citizenship and Immigration)	2005 FC 1223	FC	2005	Contreras v. Canada (Minister of Citizenship and Immigration) | 2005 FC 708 / 2005 CF 708 | FC | 2005-05-16	Mora Contreras v. Canada (Minister of Citizenship and Immigration) | 2005 FC 1223 / 2005 CF 1223 | FC | 2005-09-08
crown/aware2/none	canlii-title	known record's A2AJ name is a variant (typo, punctuation, abbreviation, given name)	Biovail Corporation v. Canada (Minister of National Health and Welfare)	2005 FC 1135	FC	2005	Biovail Corporation v. Canada (Minister of National Health and Welfare) | 2005 FC 1424 / 2005 CF 1424 | FC | 2005-10-19	Biovail Corp. v. Canada (Minister of National Health and Welfare) | 2005 FC 1135 / 2005 CF 1135 | FC | 2005-08-22
crown/aware2/none	canlii-title	A2AJ decision date in another year than the citation	Pfizer Canada Inc. v. Apotex Inc.	2003 FC 1428	FC	2003	Pfizer Canada Inc. v. Apotex Inc. | 2003 FCT 40 / 2003 CFPI 40 | FC | 2003-01-17	Pfizer Canada Inc. v. Apotex Inc. | 2003 FC 1428 / 2003 CF 1428 | FC | 2004-01-21
crown/aware2/none	canlii-title	known record's A2AJ name is a variant (typo, punctuation, abbreviation, given name)	Beyak v. Deputy Minister of Natural Resources Canada et al.	2009 PSST 35	FPSLREB	2009	Beyak v. Deputy Minister of Natural Resources Canada et al. | 2009 PSST 0007 | FPSLREB | 2009-03-03	Beyak v. The Deputy Minister of Natural Resources Canada | 2009 PSST 0035 / 2009 TDFP 0035 | FPSLREB | 2009-12-18
crown/aware2/none	canlii-title	known record named in French only	Beyak v. Deputy Minister of Natural Resources Canada et al.	2009 PSST 34	FPSLREB	2009	Beyak v. Deputy Minister of Natural Resources Canada et al. | 2009 PSST 0007 | FPSLREB | 2009-03-03	Beyak c. le sous-ministre de Ressources naturelles Canada et al. | 2009 PSST 0034 | FPSLREB | 2009-12-18
crown/aware2/none	canlii-title	A2AJ decision date in another year than the citation	Hillcore Financial Corporation v. The King	2023 TCC 71	TCC	2023	Hillcore Financial Corporation v. The King | 2023 TCC 144 / 2023 CCI 144 | TCC | 2023-09-28	Hillcore Financial Corporation v. The King | 2023 TCC 71 / 2023 CCI 71 | TCC | 2024-03-22
crown/aware2/none	canlii-title	A2AJ decision date in another year than the citation	Canadian Imperial Bank of Commerce v. The Queen	2018 TCC 248	TCC	2018	Canadian Imperial Bank of Commerce v. The Queen | 2018 TCC 109 / 2018 CCI 109 | TCC | 2018-07-12	Canadian Imperial Bank of Commerce v. The Queen | 2018 TCC 248 / 2018 CCI 248 | TCC | 2019-11-26
crown/aware2/none	canlii-title	A2AJ decision date in another year than the citation	Devon Canada Corporation v. The Queen	2013 TCC 415	TCC	2013	Devon Canada Corporation v. The Queen | 2013 TCC 4 / 2013 CCI 4 | TCC | 2013-01-08	Devon Canada Corporation v. The Queen | 2013 TCC 415 / 2013 CCI 415 | TCC | 2014-03-03
crown/aware2/none	canlii-title	A2AJ decision date in another year than the citation	Bekesinski v. The Queen	2014 TCC 35	TCC	2014	Bekesinski v. The Queen | 2014 TCC 245 / 2014 CCI 245 | TCC | 2014-07-28	Bekesinski v. The Queen | 2014 TCC 35 / 2014 CCI 35 | TCC | 2013-11-01
crown/aware2/none	canlii-title	A2AJ decision date in another year than the citation	Armstrong v. The Queen	2013 TCC 59	TCC	2013	Armstrong v. The Queen | 2013 TCC 238 / 2013 CCI 238 | TCC | 2013-07-24	Armstrong v. The Queen | 2013 TCC 59 / 2013 CCI 59 | TCC | 2011-10-13
crown/aware2/none	canlii-title	A2AJ decision date in another year than the citation	Edgelow v. The Queen	2011 TCC 255	TCC	2011	Edgelow v. The Queen | 2011 TCC 309 | TCC | 2011-06-21	Edgelow v. The Queen | 2011 TCC 255 / 2011 CCI 255 | TCC | 2010-03-01
crown/aware2/none	canlii-title	A2AJ decision date in another year than the citation	The Toronto-Dominion Bank v. The Queen	2009 TCC 264	TCC	2009	The Toronto-Dominion Bank v. The Queen | 2009 TCC 564 / 2009 CCI 564 | TCC | 2009-10-09	The Toronto-Dominion Bank v. The Queen | 2009 TCC 264 / 2009 CCI 264 | TCC | 2008-09-18
crown/aware2/none	canlii-title	A2AJ decision date in another year than the citation	Savard v. The Queen	2008 TCC 309	TCC	2008	Savard v. The Queen | 2008 TCC 62 / 2008 CCI 62 | TCC | 2008-03-04	Savard v. The Queen | 2008 TCC 309 / 2008 CCI 309 | TCC | 2007-06-13
crown/aware2/none	canlii-title	A2AJ decision date in another year than the citation	Preston v. The Queen	2007 TCC 291	TCC	2007	Preston v. The Queen | 2007 TCC 761 / 2007 CCI 761 | TCC | 2007-09-12	Preston v. The Queen | 2007 TCC 291 / 2007 CCI 291 | TCC | 2006-08-15
crown/aware2/none	canlii-title	known record's A2AJ name is a variant (typo, punctuation, abbreviation, given name)	Lelièvre v. M.N.R.	2006 TCC 109	TCC	2006	Lelièvre v. M.N.R. | 2006 TCC 112 / 2006 CCI 112 | TCC | 2006-03-10	Lelievre v. M.N.R. | 2006 TCC 109 / 2006 CCI 109 | TCC | 2006-03-10
crown/aware2/none	canlii-title	A2AJ decision date in another year than the citation	Haggart v. The Queen	2003 TCC 925	TCC	2003	Haggart v. The Queen | 2003 TCC 185 / 2003 CCI 185 | TCC | 2003-03-31	Haggart v. The Queen | 2003 TCC 925 / 2003 CCI 925 | TCC | 2004-01-16
crown/aware2/none	canlii-title	A2AJ decision date in another year than the citation	Richard v. The Queen	2003 TCC 790	TCC	2003	Richard c. La Reine | 2003 TCC 774 / 2003 CCI 774 | TCC | 2003-10-24	Richard c. La Reine | 2003 TCC 790 / 2003 CCI 790 | TCC | 2004-01-12
crown/aware2/none	scc-own-name-reporter-year	reporter-year window: same-name SCC decision in window, known record outside it	Magdall v. The King	[1921] 62 SCR 88	SCC	1921	Magdall v. The King | (1920) 61 SCR 88 | SCC | 1920-06-21	Magdall v. The King | [1921] 62 SCR 88 | SCC | 1914-02-23
crown/aware2/none	scc-own-name-reporter-year	reporter-year window: same-name SCC decision in window, known record outside it	Corpex (1977) Inc. v. The Queen in right of Canada	[1982] 2 SCR 674	SCC	1982	Corpex (1977) Inc. v. The Queen in right of Canada | [1982] 2 SCR 643 / [1982] 2 RCS 643 | SCC | 1982-11-23	Corpex (1977) Inc. v. The Queen in right of Canada | [1982] 2 SCR 674 / [1982] 2 RCS 674 | SCC | 1983-05-17
crown/aware2/none	scc-own-name-reporter-year	reporter-year window: same-name SCC decision in window, known record outside it	Corpex (1977) Inc. v. The Queen in right of Canada	[1982] 2 RCS 674	SCC	1982	Corpex (1977) Inc. v. The Queen in right of Canada | [1982] 2 SCR 643 / [1982] 2 RCS 643 | SCC | 1982-11-23	Corpex (1977) Inc. v. The Queen in right of Canada | [1982] 2 SCR 674 / [1982] 2 RCS 674 | SCC | 1983-05-17
